"0","summary(glasso_final)"
"1","grLasso"
"1",""
"1","-penalized "
"1",""
"1","linear"
"1",""
"1"," regression with n="
"1",""
"1","277"
"1",""
"1",", p="
"1",""
"1","99"
"1",""
"1","
"
"1","At minimum cross-validation error (lambda="
"1",""
"1","0.2179"
"1",""
"1","):
"
"1","-------------------------------------------------
"
"1","  Nonzero coefficients: "
"1",""
"1","5"
"1",""
"1","
"
"1","  Nonzero groups: "
"1",""
"1","3"
"1",""
"1","
"
"1","  Cross-validation error of "
"1",""
"1","3.62"
"1",""
"1","
"
"1","  Maximum R-squared: "
"1",""
"1","0.81"
"1",""
"1","
"
"1","  Maximum signal-to-noise ratio: "
"1",""
"1","4.18"
"1",""
"1","
"
"1","  Scale estimate (sigma) at lambda.min: "
"1",""
"1","1.903"
"1",""
"1","
"
"0","glasso$fit$beta"
"1","                 "
"1","   4.1692"
"1","     3.7988"
"1","    3.4613"
"1","    3.1538"
"1","    2.8737"
"1","   2.6184"
"1","    2.3858"
"1","    2.1738"
"1","    1.9807"
"1","
(Intercept)      "
"1"," 10.68592"
"1"," 9.62871432"
"1"," 8.6654273"
"1"," 7.7877161"
"1"," 6.9879784"
"1"," 6.259287"
"1"," 5.5953308"
"1"," 4.9903585"
"1"," 4.4391302"
"1","
absences         "
"1","  0.00000"
"1"," 0.00000000"
"1"," 0.0000000"
"1"," 0.0000000"
"1"," 0.0000000"
"1"," 0.000000"
"1"," 0.0000000"
"1"," 0.0000000"
"1"," 0.0000000"
"1","
G1               "
"1","  0.00000"
"1"," 0.00000000"
"1"," 0.0000000"
"1"," 0.0000000"
"1"," 0.0000000"
"1"," 0.000000"
"1"," 0.0000000"
"1"," 0.0000000"
"1"," 0.0000000"
"1","
G2               "
"1","  0.00000"
"1"," 0.09664889"
"1"," 0.1847118"
"1"," 0.2649514"
"1"," 0.3380627"
"1"," 0.404679"
"1"," 0.4653774"
"1"," 0.5206834"
"1"," 0.5710762"
"1","
sex_F            "
"1","  0.00000"
"1"," 0.00000000"
"1"," 0.0000000"
"1"," 0.0000000"
"1"," 0.0000000"
"1"," 0.000000"
"1"," 0.0000000"
"1"," 0.0000000"
"1"," 0.0000000"
"1","
sex_M            "
"1","  0.00000"
"1"," 0.00000000"
"1"," 0.0000000"
"1"," 0.0000000"
"1"," 0.0000000"
"1"," 0.000000"
"1"," 0.0000000"
"1"," 0.0000000"
"1"," 0.0000000"
"1","
age_15           "
"1","  0.00000"
"1"," 0.00000000"
"1"," 0.0000000"
"1"," 0.0000000"
"1"," 0.0000000"
"1"," 0.000000"
"1"," 0.0000000"
"1"," 0.0000000"
"1"," 0.0000000"
"1","
age_16           "
"1","  0.00000"
"1"," 0.00000000"
"1"," 0.0000000"
"1"," 0.0000000"
"1"," 0.0000000"
"1"," 0.000000"
"1"," 0.0000000"
"1"," 0.0000000"
"1"," 0.0000000"
"1","
age_17           "
"1","  0.00000"
"1"," 0.00000000"
"1"," 0.0000000"
"1"," 0.0000000"
"1"," 0.0000000"
"1"," 0.000000"
"1"," 0.0000000"
"1"," 0.0000000"
"1"," 0.0000000"
"1","
age_18           "
"1","  0.00000"
"1"," 0.00000000"
"1"," 0.0000000"
"1"," 0.0000000"
"1"," 0.0000000"
"1"," 0.000000"
"1"," 0.0000000"
"1"," 0.0000000"
"1"," 0.0000000"
"1","
"
"1","                 "
"1","    1.8047"
"1","    1.6444"
"1","    1.4983"
"1","    1.3652"
"1","    1.2439"
"1","    1.1334"
"1","   1.0327"
"1","     0.941"
"1","      0.8574"
"1","
(Intercept)      "
"1"," 3.9368716"
"1"," 3.4792323"
"1"," 3.0622483"
"1"," 2.6823081"
"1"," 2.3361207"
"1"," 2.0206877"
"1"," 1.733277"
"1"," 1.4713987"
"1"," 1.225231827"
"1","
absences         "
"1"," 0.0000000"
"1"," 0.0000000"
"1"," 0.0000000"
"1"," 0.0000000"
"1"," 0.0000000"
"1"," 0.0000000"
"1"," 0.000000"
"1"," 0.0000000"
"1"," 0.000000000"
"1","
G1               "
"1"," 0.0000000"
"1"," 0.0000000"
"1"," 0.0000000"
"1"," 0.0000000"
"1"," 0.0000000"
"1"," 0.0000000"
"1"," 0.000000"
"1"," 0.0000000"
"1"," 0.002666296"
"1","
G2               "
"1"," 0.6169923"
"1"," 0.6588293"
"1"," 0.6969496"
"1"," 0.7316834"
"1"," 0.7633315"
"1"," 0.7921682"
"1"," 0.818443"
"1"," 0.8423837"
"1"," 0.862185673"
"1","
sex_F            "
"1"," 0.0000000"
"1"," 0.0000000"
"1"," 0.0000000"
"1"," 0.0000000"
"1"," 0.0000000"
"1"," 0.0000000"
"1"," 0.000000"
"1"," 0.0000000"
"1"," 0.000000000"
"1","
sex_M            "
"1"," 0.0000000"
"1"," 0.0000000"
"1"," 0.0000000"
"1"," 0.0000000"
"1"," 0.0000000"
"1"," 0.0000000"
"1"," 0.000000"
"1"," 0.0000000"
"1"," 0.000000000"
"1","
age_15           "
"1"," 0.0000000"
"1"," 0.0000000"
"1"," 0.0000000"
"1"," 0.0000000"
"1"," 0.0000000"
"1"," 0.0000000"
"1"," 0.000000"
"1"," 0.0000000"
"1"," 0.000000000"
"1","
age_16           "
"1"," 0.0000000"
"1"," 0.0000000"
"1"," 0.0000000"
"1"," 0.0000000"
"1"," 0.0000000"
"1"," 0.0000000"
"1"," 0.000000"
"1"," 0.0000000"
"1"," 0.000000000"
"1","
age_17           "
"1"," 0.0000000"
"1"," 0.0000000"
"1"," 0.0000000"
"1"," 0.0000000"
"1"," 0.0000000"
"1"," 0.0000000"
"1"," 0.000000"
"1"," 0.0000000"
"1"," 0.000000000"
"1","
age_18           "
"1"," 0.0000000"
"1"," 0.0000000"
"1"," 0.0000000"
"1"," 0.0000000"
"1"," 0.0000000"
"1"," 0.0000000"
"1"," 0.000000"
"1"," 0.0000000"
"1"," 0.000000000"
"1","
"
"1","                 "
"1","     0.7812"
"1","     0.7118"
"1","     0.6486"
"1","      0.591"
"1","     0.5385"
"1","      0.4906"
"1","      0.447"
"1","     0.4073"
"1","
(Intercept)      "
"1"," 0.97121127"
"1"," 0.74133565"
"1"," 0.53220045"
"1"," 0.34165390"
"1"," 0.16803527"
"1"," 0.009574209"
"1"," -0.1345541"
"1"," -0.2658682"
"1","
absences         "
"1"," 0.00000000"
"1"," 0.00000000"
"1"," 0.00000000"
"1"," 0.00000000"
"1"," 0.00000000"
"1"," 0.000000000"
"1","  0.0000000"
"1","  0.0000000"
"1","
G1               "
"1"," 0.01558756"
"1"," 0.02680375"
"1"," 0.03691095"
"1"," 0.04611685"
"1"," 0.05450482"
"1"," 0.062241609"
"1","  0.0692009"
"1","  0.0755383"
"1","
G2               "
"1"," 0.87231191"
"1"," 0.88195898"
"1"," 0.89083397"
"1"," 0.89892311"
"1"," 0.90629370"
"1"," 0.912938601"
"1","  0.9190612"
"1","  0.9246427"
"1","
sex_F            "
"1"," 0.00000000"
"1"," 0.00000000"
"1"," 0.00000000"
"1"," 0.00000000"
"1"," 0.00000000"
"1"," 0.000000000"
"1","  0.0000000"
"1","  0.0000000"
"1","
sex_M            "
"1"," 0.00000000"
"1"," 0.00000000"
"1"," 0.00000000"
"1"," 0.00000000"
"1"," 0.00000000"
"1"," 0.000000000"
"1","  0.0000000"
"1","  0.0000000"
"1","
age_15           "
"1"," 0.00000000"
"1"," 0.00000000"
"1"," 0.00000000"
"1"," 0.00000000"
"1"," 0.00000000"
"1"," 0.000000000"
"1","  0.0000000"
"1","  0.0000000"
"1","
age_16           "
"1"," 0.00000000"
"1"," 0.00000000"
"1"," 0.00000000"
"1"," 0.00000000"
"1"," 0.00000000"
"1"," 0.000000000"
"1","  0.0000000"
"1","  0.0000000"
"1","
age_17           "
"1"," 0.00000000"
"1"," 0.00000000"
"1"," 0.00000000"
"1"," 0.00000000"
"1"," 0.00000000"
"1"," 0.000000000"
"1","  0.0000000"
"1","  0.0000000"
"1","
age_18           "
"1"," 0.00000000"
"1"," 0.00000000"
"1"," 0.00000000"
"1"," 0.00000000"
"1"," 0.00000000"
"1"," 0.000000000"
"1","  0.0000000"
"1","  0.0000000"
"1","
"
"1","                 "
"1","      0.3711"
"1","      0.3382"
"1","      0.3081"
"1","      0.2808"
"1","      0.2558"
"1","       0.2331"
"1","      0.2124"
"1","
(Intercept)      "
"1"," -0.38578898"
"1"," -0.49479836"
"1"," -0.59410967"
"1"," -0.68487823"
"1"," -0.76732292"
"1"," -0.860888639"
"1"," -0.95238519"
"1","
absences         "
"1","  0.00000000"
"1","  0.00000000"
"1","  0.00000000"
"1","  0.00000000"
"1","  0.00000000"
"1","  0.002808517"
"1","  0.00592549"
"1","
G1               "
"1","  0.08140883"
"1","  0.08666677"
"1","  0.09145268"
"1","  0.09591219"
"1","  0.09988366"
"1","  0.103304927"
"1","  0.10647924"
"1","
G2               "
"1","  0.92965579"
"1","  0.93429224"
"1","  0.93852053"
"1","  0.94229866"
"1","  0.94581047"
"1","  0.949352387"
"1","  0.95199842"
"1","
sex_F            "
"1","  0.00000000"
"1","  0.00000000"
"1","  0.00000000"
"1","  0.00000000"
"1","  0.00000000"
"1","  0.000000000"
"1","  0.00000000"
"1","
sex_M            "
"1","  0.00000000"
"1","  0.00000000"
"1","  0.00000000"
"1","  0.00000000"
"1","  0.00000000"
"1","  0.000000000"
"1","  0.00000000"
"1","
age_15           "
"1","  0.00000000"
"1","  0.00000000"
"1","  0.00000000"
"1","  0.00000000"
"1","  0.00000000"
"1","  0.000000000"
"1","  0.00000000"
"1","
age_16           "
"1","  0.00000000"
"1","  0.00000000"
"1","  0.00000000"
"1","  0.00000000"
"1","  0.00000000"
"1","  0.000000000"
"1","  0.00000000"
"1","
age_17           "
"1","  0.00000000"
"1","  0.00000000"
"1","  0.00000000"
"1","  0.00000000"
"1","  0.00000000"
"1","  0.000000000"
"1","  0.00000000"
"1","
age_18           "
"1","  0.00000000"
"1","  0.00000000"
"1","  0.00000000"
"1","  0.00000000"
"1","  0.00000000"
"1","  0.000000000"
"1","  0.00000000"
"1","
"
"1","                 "
"1","       0.1935"
"1","       0.1763"
"1","      0.1607"
"1","        0.1464"
"1","       0.1334"
"1","       0.1215"
"1","       0.1107"
"1","
(Intercept)      "
"1"," -1.043308544"
"1"," -1.125362255"
"1"," -1.20127472"
"1"," -1.2728054376"
"1"," -1.355947097"
"1"," -1.434215018"
"1"," -1.451387264"
"1","
absences         "
"1","  0.008916840"
"1","  0.011690222"
"1","  0.01412814"
"1","  0.0165976002"
"1","  0.018757132"
"1","  0.020778422"
"1","  0.022904450"
"1","
G1               "
"1","  0.110513031"
"1","  0.113080107"
"1","  0.11620463"
"1","  0.1180482969"
"1","  0.120453221"
"1","  0.124926252"
"1","  0.131325739"
"1","
G2               "
"1","  0.953536325"
"1","  0.955828590"
"1","  0.95742930"
"1","  0.9591428657"
"1","  0.959670764"
"1","  0.958204799"
"1","  0.954732185"
"1","
sex_F            "
"1","  0.000000000"
"1","  0.000000000"
"1","  0.00000000"
"1"," -0.0039224017"
"1"," -0.012979586"
"1"," -0.021106123"
"1"," -0.032225093"
"1","
sex_M            "
"1","  0.000000000"
"1","  0.000000000"
"1","  0.00000000"
"1","  0.0039224017"
"1","  0.012979586"
"1","  0.021106123"
"1","  0.032225093"
"1","
age_15           "
"1","  0.000000000"
"1","  0.000000000"
"1","  0.00000000"
"1","  0.0000000000"
"1","  0.000000000"
"1","  0.003193273"
"1","  0.008947843"
"1","
age_16           "
"1","  0.000000000"
"1","  0.000000000"
"1","  0.00000000"
"1","  0.0000000000"
"1","  0.000000000"
"1","  0.005218413"
"1","  0.016905998"
"1","
age_17           "
"1","  0.000000000"
"1","  0.000000000"
"1","  0.00000000"
"1","  0.0000000000"
"1","  0.000000000"
"1","  0.004978185"
"1","  0.016362209"
"1","
age_18           "
"1","  0.000000000"
"1","  0.000000000"
"1","  0.00000000"
"1","  0.0000000000"
"1","  0.000000000"
"1"," -0.015554504"
"1"," -0.049186027"
"1","
"
"1","                 "
"1","       0.1009"
"1","       0.0919"
"1","        0.0838"
"1","       0.0763"
"1","       0.0695"
"1","        0.0634"
"1","
(Intercept)      "
"1"," -1.465915118"
"1"," -1.485238415"
"1"," -1.5102215797"
"1"," -1.538108878"
"1"," -1.557016189"
"1"," -1.5723685854"
"1","
absences         "
"1","  0.024704936"
"1","  0.026281286"
"1","  0.0277263225"
"1","  0.029078747"
"1","  0.030333702"
"1","  0.0314869544"
"1","
G1               "
"1","  0.138004743"
"1","  0.144630000"
"1","  0.1513321514"
"1","  0.157929767"
"1","  0.163718462"
"1","  0.1683020351"
"1","
G2               "
"1","  0.951129210"
"1","  0.947724174"
"1","  0.9445021736"
"1","  0.941526841"
"1","  0.938702782"
"1","  0.9365736220"
"1","
sex_F            "
"1"," -0.040711293"
"1"," -0.046800384"
"1"," -0.0521895157"
"1"," -0.058137528"
"1"," -0.062295766"
"1"," -0.0665621903"
"1","
sex_M            "
"1","  0.040711293"
"1","  0.046800384"
"1","  0.0521895157"
"1","  0.058137528"
"1","  0.062295766"
"1","  0.0665621903"
"1","
age_15           "
"1","  0.012918104"
"1","  0.015268282"
"1","  0.0159228410"
"1","  0.015666535"
"1","  0.014094250"
"1","  0.0117587585"
"1","
age_16           "
"1","  0.027874111"
"1","  0.038106728"
"1","  0.0478086599"
"1","  0.057368057"
"1","  0.067025530"
"1","  0.0763478172"
"1","
age_17           "
"1","  0.026702930"
"1","  0.035815583"
"1","  0.0442319671"
"1","  0.052112829"
"1","  0.059158798"
"1","  0.0658699017"
"1","
age_18           "
"1"," -0.078869769"
"1"," -0.104553122"
"1"," -0.1270077443"
"1"," -0.147732679"
"1"," -0.166281723"
"1"," -0.1832299831"
"1","
"
"1","                 "
"1","        0.0577"
"1","        0.0526"
"1","        0.0479"
"1","       0.0437"
"1","       0.0398"
"1","       0.0363"
"1","
(Intercept)      "
"1"," -1.5786477621"
"1"," -1.578006e+00"
"1"," -1.5777672629"
"1"," -1.577983467"
"1"," -1.576189302"
"1"," -1.571554353"
"1","
absences         "
"1","  0.0325564744"
"1","  3.351887e-02"
"1","  0.0343679097"
"1","  0.035120043"
"1","  0.035838486"
"1","  0.036495129"
"1","
G1               "
"1","  0.1737091544"
"1","  1.789371e-01"
"1","  0.1837822945"
"1","  0.188232461"
"1","  0.192472771"
"1","  0.195936938"
"1","
G2               "
"1","  0.9333480655"
"1","  9.298432e-01"
"1","  0.9265514320"
"1","  0.923500438"
"1","  0.920627853"
"1","  0.918244569"
"1","
sex_F            "
"1"," -0.0696003197"
"1"," -7.149288e-02"
"1"," -0.0732555610"
"1"," -0.074926235"
"1"," -0.076608587"
"1"," -0.077864037"
"1","
sex_M            "
"1","  0.0696003197"
"1","  7.149288e-02"
"1","  0.0732555610"
"1","  0.074926235"
"1","  0.076608587"
"1","  0.077864037"
"1","
age_15           "
"1","  0.0083123236"
"1","  3.880150e-03"
"1"," -0.0010951663"
"1"," -0.006455239"
"1"," -0.011894702"
"1"," -0.017426135"
"1","
age_16           "
"1","  0.0852800424"
"1","  9.385328e-02"
"1","  0.1021182113"
"1","  0.110041032"
"1","  0.117541579"
"1","  0.124978104"
"1","
age_17           "
"1","  0.0727929357"
"1","  7.938991e-02"
"1","  0.0854615189"
"1","  0.091038844"
"1","  0.095885610"
"1","  0.099932493"
"1","
age_18           "
"1"," -0.1987466218"
"1"," -2.124084e-01"
"1"," -0.2245240326"
"1"," -0.235250567"
"1"," -0.244543945"
"1"," -0.252774801"
"1","
"
"1","                 "
"1","        0.033"
"1","        0.0301"
"1","       0.0274"
"1","        0.025"
"1","       0.0228"
"1","       0.0208"
"1","       0.0189"
"1","
(Intercept)      "
"1"," -1.573415450"
"1"," -1.5761154366"
"1"," -1.578978118"
"1"," -1.582190384"
"1"," -1.584815733"
"1"," -1.587424939"
"1"," -1.588480206"
"1","
absences         "
"1","  0.037147337"
"1","  0.0377352654"
"1","  0.038268777"
"1","  0.038752248"
"1","  0.039202863"
"1","  0.039619290"
"1","  0.039987564"
"1","
G1               "
"1","  0.198522491"
"1","  0.2011658861"
"1","  0.203521079"
"1","  0.205782948"
"1","  0.208177626"
"1","  0.210339886"
"1","  0.212105113"
"1","
G2               "
"1","  0.916603537"
"1","  0.9148839389"
"1","  0.913348824"
"1","  0.911862188"
"1","  0.910268415"
"1","  0.908835394"
"1","  0.907525662"
"1","
sex_F            "
"1"," -0.079055372"
"1"," -0.0801891876"
"1"," -0.081290141"
"1"," -0.082340351"
"1"," -0.083524437"
"1"," -0.084705061"
"1"," -0.085757684"
"1","
sex_M            "
"1","  0.079055372"
"1","  0.0801891876"
"1","  0.081290141"
"1","  0.082340351"
"1","  0.083524437"
"1","  0.084705061"
"1","  0.085757684"
"1","
age_15           "
"1"," -0.021985289"
"1"," -0.0265671034"
"1"," -0.031062814"
"1"," -0.035447002"
"1"," -0.039475402"
"1"," -0.043076899"
"1"," -0.046367265"
"1","
age_16           "
"1","  0.132255089"
"1","  0.1391489686"
"1","  0.145632586"
"1","  0.151759958"
"1","  0.157589374"
"1","  0.162973718"
"1","  0.167843936"
"1","
age_17           "
"1","  0.103140090"
"1","  0.1060464517"
"1","  0.108624195"
"1","  0.110918170"
"1","  0.113123324"
"1","  0.115229310"
"1","  0.117446855"
"1","
age_18           "
"1"," -0.260892390"
"1"," -0.2681610119"
"1"," -0.274629517"
"1"," -0.280443529"
"1"," -0.286149406"
"1"," -0.291621191"
"1"," -0.296881627"
"1","
"
"1","                 "
"1","        0.0172"
"1","       0.0157"
"1","       0.0143"
"1","        0.013"
"1","       0.0119"
"1","       0.0108"
"1","      0.0099"
"1","
(Intercept)      "
"1"," -1.5901983115"
"1"," -1.591934244"
"1"," -1.593638703"
"1"," -1.595299477"
"1"," -1.596866529"
"1"," -1.598459276"
"1"," -1.59976448"
"1","
absences         "
"1","  0.0403209903"
"1","  0.040625161"
"1","  0.040901565"
"1","  0.041153268"
"1","  0.041382721"
"1","  0.041593782"
"1","  0.04178504"
"1","
G1               "
"1","  0.2139226030"
"1","  0.215531229"
"1","  0.217129181"
"1","  0.218645237"
"1","  0.220068601"
"1","  0.221288179"
"1","  0.22250737"
"1","
G2               "
"1","  0.9061897485"
"1","  0.904996970"
"1","  0.903797314"
"1","  0.902649700"
"1","  0.901563560"
"1","  0.900631257"
"1","  0.89968630"
"1","
sex_F            "
"1"," -0.0868258158"
"1"," -0.087889070"
"1"," -0.088913664"
"1"," -0.089909010"
"1"," -0.090871305"
"1"," -0.091811412"
"1"," -0.09269533"
"1","
sex_M            "
"1","  0.0868258158"
"1","  0.087889070"
"1","  0.088913664"
"1","  0.089909010"
"1","  0.090871305"
"1","  0.091811412"
"1","  0.09269533"
"1","
age_15           "
"1"," -0.0495237080"
"1"," -0.052503562"
"1"," -0.055338651"
"1"," -0.058018808"
"1"," -0.060546945"
"1"," -0.062888576"
"1"," -0.06511964"
"1","
age_16           "
"1","  0.1723913849"
"1","  0.176541317"
"1","  0.180404596"
"1","  0.183962638"
"1","  0.187233735"
"1","  0.190182603"
"1","  0.19293721"
"1","
age_17           "
"1","  0.1194754941"
"1","  0.121354655"
"1","  0.123129480"
"1","  0.124795971"
"1","  0.126357794"
"1","  0.127776840"
"1","  0.12913257"
"1","
age_18           "
"1"," -0.3016588931"
"1"," -0.305945211"
"1"," -0.309899584"
"1"," -0.313504367"
"1"," -0.316784068"
"1"," -0.319687380"
"1"," -0.32238697"
"1","
"
"1","                 "
"1","        0.009"
"1","       0.0082"
"1","       0.0075"
"1","       0.0068"
"1","       0.0062"
"1","        0.0056"
"1","       0.0051"
"1","
(Intercept)      "
"1"," -1.600981863"
"1"," -1.602342810"
"1"," -1.603279526"
"1"," -1.605244244"
"1"," -1.606552832"
"1"," -1.6078158677"
"1"," -1.609984511"
"1","
absences         "
"1","  0.041959290"
"1","  0.042120545"
"1","  0.042272694"
"1","  0.042429942"
"1","  0.042565936"
"1","  0.0426898942"
"1","  0.042801015"
"1","
G1               "
"1","  0.223667941"
"1","  0.224639003"
"1","  0.225832582"
"1","  0.226742134"
"1","  0.227657674"
"1","  0.2285402966"
"1","  0.229245471"
"1","
G2               "
"1","  0.898783789"
"1","  0.898033652"
"1","  0.897075007"
"1","  0.896385034"
"1","  0.895665887"
"1","  0.8949721714"
"1","  0.894409272"
"1","
sex_F            "
"1"," -0.093532688"
"1"," -0.094327297"
"1"," -0.095066755"
"1"," -0.095697831"
"1"," -0.096314422"
"1"," -0.0968841033"
"1"," -0.097316930"
"1","
sex_M            "
"1","  0.093532688"
"1","  0.094327297"
"1","  0.095066755"
"1","  0.095697831"
"1","  0.096314422"
"1","  0.0968841033"
"1","  0.097316930"
"1","
age_15           "
"1"," -0.067211179"
"1"," -0.069112458"
"1"," -0.071108966"
"1"," -0.073062192"
"1"," -0.074856050"
"1"," -0.0765307791"
"1"," -0.077986216"
"1","
age_16           "
"1","  0.195472835"
"1","  0.197741321"
"1","  0.200024046"
"1","  0.202104806"
"1","  0.204023870"
"1","  0.2058021750"
"1","  0.207232292"
"1","
age_17           "
"1","  0.130397403"
"1","  0.131511925"
"1","  0.132603727"
"1","  0.133363647"
"1","  0.134164538"
"1","  0.1349096015"
"1","  0.135602639"
"1","
age_18           "
"1"," -0.324850936"
"1"," -0.327004927"
"1"," -0.329052290"
"1"," -0.330518746"
"1"," -0.331989715"
"1"," -0.3333429673"
"1"," -0.334421111"
"1","
"
"1","                 "
"1","       0.0047"
"1","       0.0043"
"1","       0.0039"
"1","       0.0035"
"1","       0.0032"
"1","       0.0029"
"1","       0.0027"
"1","
(Intercept)      "
"1"," -1.611684153"
"1"," -1.613194771"
"1"," -1.614846999"
"1"," -1.615865271"
"1"," -1.617455439"
"1"," -1.618365358"
"1"," -1.619181261"
"1","
absences         "
"1","  0.042899833"
"1","  0.042989449"
"1","  0.043073633"
"1","  0.043146148"
"1","  0.043216562"
"1","  0.043279113"
"1","  0.043334547"
"1","
G1               "
"1","  0.229964550"
"1","  0.230662728"
"1","  0.231206671"
"1","  0.231873806"
"1","  0.232262683"
"1","  0.232782885"
"1","  0.233282013"
"1","
G2               "
"1","  0.893828437"
"1","  0.893264667"
"1","  0.892833106"
"1","  0.892286039"
"1","  0.891991003"
"1","  0.891557454"
"1","  0.891150518"
"1","
sex_F            "
"1"," -0.097741139"
"1"," -0.098128413"
"1"," -0.098474663"
"1"," -0.098822572"
"1"," -0.099099749"
"1"," -0.099404079"
"1"," -0.099662482"
"1","
sex_M            "
"1","  0.097741139"
"1","  0.098128413"
"1","  0.098474663"
"1","  0.098822572"
"1","  0.099099749"
"1","  0.099404079"
"1","  0.099662482"
"1","
age_15           "
"1"," -0.079412178"
"1"," -0.080746255"
"1"," -0.081876393"
"1"," -0.083096909"
"1"," -0.083946848"
"1"," -0.084984195"
"1"," -0.085901268"
"1","
age_16           "
"1","  0.208601199"
"1","  0.209872563"
"1","  0.210968802"
"1","  0.212091547"
"1","  0.212941170"
"1","  0.213880051"
"1","  0.214721961"
"1","
age_17           "
"1","  0.136285086"
"1","  0.136924447"
"1","  0.137463365"
"1","  0.138034444"
"1","  0.138484086"
"1","  0.138904972"
"1","  0.139340472"
"1","
age_18           "
"1"," -0.335439782"
"1"," -0.336381799"
"1"," -0.337201533"
"1"," -0.337996134"
"1"," -0.338693979"
"1"," -0.339278322"
"1"," -0.339880260"
"1","
"
"1","                 "
"1","       0.0024"
"1","       0.0022"
"1","        0.002"
"1","      0.0018"
"1","       0.0017"
"1","       0.0015"
"1","       0.0014"
"1","
(Intercept)      "
"1"," -1.620233061"
"1"," -1.621089667"
"1"," -1.621775028"
"1"," -1.62236109"
"1"," -1.623091524"
"1"," -1.623512104"
"1"," -1.624044207"
"1","
absences         "
"1","  0.043386561"
"1","  0.043434352"
"1","  0.043477144"
"1","  0.04351580"
"1","  0.043549671"
"1","  0.043584367"
"1","  0.043611825"
"1","
G1               "
"1","  0.233642175"
"1","  0.233996333"
"1","  0.234346337"
"1","  0.23468467"
"1","  0.234918180"
"1","  0.235232397"
"1","  0.235453135"
"1","
G2               "
"1","  0.890869410"
"1","  0.890582992"
"1","  0.890297389"
"1","  0.89002111"
"1","  0.889848187"
"1","  0.889576252"
"1","  0.889409174"
"1","
sex_F            "
"1"," -0.099887027"
"1"," -0.100108140"
"1"," -0.100313489"
"1"," -0.10049932"
"1"," -0.100664512"
"1"," -0.100823130"
"1"," -0.100965409"
"1","
sex_M            "
"1","  0.099887027"
"1","  0.100108140"
"1","  0.100313489"
"1","  0.10049932"
"1","  0.100664512"
"1","  0.100823130"
"1","  0.100965409"
"1","
age_15           "
"1"," -0.086620998"
"1"," -0.087343016"
"1"," -0.088030589"
"1"," -0.08867217"
"1"," -0.089142451"
"1"," -0.089756360"
"1"," -0.090174551"
"1","
age_16           "
"1","  0.215414207"
"1","  0.216084146"
"1","  0.216711745"
"1","  0.21729499"
"1","  0.217771892"
"1","  0.218288356"
"1","  0.218701559"
"1","
age_17           "
"1","  0.139706296"
"1","  0.140023662"
"1","  0.140333077"
"1","  0.14062438"
"1","  0.140889042"
"1","  0.141103155"
"1","  0.141338457"
"1","
age_18           "
"1"," -0.340419720"
"1"," -0.340874567"
"1"," -0.341302320"
"1"," -0.34170127"
"1"," -0.342113662"
"1"," -0.342370496"
"1"," -0.342723186"
"1","
"
"1","                 "
"1","       0.0013"
"1","      0.0012"
"1","       0.0011"
"1","        0.001"
"1","         9e-04"
"1","         8e-04"
"1","
(Intercept)      "
"1"," -1.624534826"
"1"," -1.62493607"
"1"," -1.625261701"
"1"," -1.625533872"
"1"," -1.625770e+00"
"1"," -1.6259765868"
"1","
absences         "
"1","  0.043639479"
"1","  0.04366435"
"1","  0.043686664"
"1","  0.043706786"
"1","  4.372500e-02"
"1","  0.0437344609"
"1","
G1               "
"1","  0.235660009"
"1","  0.23586408"
"1","  0.236063739"
"1","  0.236256473"
"1","  2.364403e-01"
"1","  0.2365397228"
"1","
G2               "
"1","  0.889241599"
"1","  0.88907437"
"1","  0.888910026"
"1","  0.888751240"
"1","  8.886000e-01"
"1","  0.8885309375"
"1","
sex_F            "
"1"," -0.101090354"
"1"," -0.10121037"
"1"," -0.101321626"
"1"," -0.101422529"
"1"," -1.015137e-01"
"1"," -0.1015903754"
"1","
sex_M            "
"1","  0.101090354"
"1","  0.10121037"
"1","  0.101321626"
"1","  0.101422529"
"1","  1.015137e-01"
"1","  0.1015903754"
"1","
age_15           "
"1"," -0.090594162"
"1"," -0.09099901"
"1"," -0.091381010"
"1"," -0.091737366"
"1"," -9.206713e-02"
"1"," -0.0922217936"
"1","
age_16           "
"1","  0.219086585"
"1","  0.21945186"
"1","  0.219792819"
"1","  0.220109589"
"1","  2.204027e-01"
"1","  0.2206077546"
"1","
age_17           "
"1","  0.141522959"
"1","  0.14169426"
"1","  0.141859281"
"1","  0.142015490"
"1","  1.421611e-01"
"1","  0.1422714758"
"1","
age_18           "
"1"," -0.342982044"
"1"," -0.34321641"
"1"," -0.343436528"
"1"," -0.343642706"
"1"," -3.438346e-01"
"1"," -0.3440580140"
"1","
"
"1","                 "
"1","         7e-04"
"1","         7e-04"
"1","         6e-04"
"1","         6e-04"
"1","         5e-04"
"1","         5e-04"
"1","
(Intercept)      "
"1"," -1.626115e+00"
"1"," -1.6262019369"
"1"," -1.6264365831"
"1"," -1.6266462867"
"1"," -1.6268139388"
"1"," -1.6269409839"
"1","
absences         "
"1","  4.375783e-02"
"1","  0.0437642322"
"1","  0.0437766577"
"1","  0.0437892189"
"1","  0.0438008204"
"1","  0.0438112215"
"1","
G1               "
"1","  2.367804e-01"
"1","  0.2368705894"
"1","  0.2369532174"
"1","  0.2370301711"
"1","  0.2371057360"
"1","  0.2371812644"
"1","
G2               "
"1","  8.883143e-01"
"1","  0.8882540213"
"1","  0.8881937253"
"1","  0.8881321708"
"1","  0.8880694049"
"1","  0.8880057075"
"1","
sex_F            "
"1"," -1.016739e-01"
"1"," -0.1017385552"
"1"," -0.1017935232"
"1"," -0.1018417302"
"1"," -0.1018881984"
"1"," -0.1019334636"
"1","
sex_M            "
"1","  1.016739e-01"
"1","  0.1017385552"
"1","  0.1017935232"
"1","  0.1018417302"
"1","  0.1018881984"
"1","  0.1019334636"
"1","
age_15           "
"1"," -9.267819e-02"
"1"," -0.0928020715"
"1"," -0.0929682024"
"1"," -0.0931377281"
"1"," -0.0933068785"
"1"," -0.0934715336"
"1","
age_16           "
"1","  2.209295e-01"
"1","  0.2211067168"
"1","  0.2212750054"
"1","  0.2214323144"
"1","  0.2215853031"
"1","  0.2217314912"
"1","
age_17           "
"1","  1.424031e-01"
"1","  0.1425079195"
"1","  0.1426083965"
"1","  0.1426850571"
"1","  0.1427486824"
"1","  0.1428080720"
"1","
age_18           "
"1"," -3.441386e-01"
"1"," -0.3443522821"
"1"," -0.3445054475"
"1"," -0.3446146275"
"1"," -0.3447042450"
"1"," -0.3447851542"
"1","
"
"1","                 "
"1","         4e-04"
"1","
(Intercept)      "
"1"," -1.6270318659"
"1","
absences         "
"1","  0.0438204968"
"1","
G1               "
"1","  0.2372566843"
"1","
G2               "
"1","  0.8879416131"
"1","
sex_F            "
"1"," -0.1019766322"
"1","
sex_M            "
"1","  0.1019766322"
"1","
age_15           "
"1"," -0.0936294082"
"1","
age_16           "
"1","  0.2218694582"
"1","
age_17           "
"1","  0.1428663347"
"1","
age_18           "
"1"," -0.3448613600"
"1","
"
"1"," [ reached getOption(""max.print"") -- omitted 86 rows ]
"
"0","glasso_final"
"1","$cve
"
"1","  [1]"
"1"," 18.729950"
"1"," 16.481725"
"1"," 14.293634"
"1"," 12.477965"
"1"," 10.971406"
"1","  9.721400"
"1","  8.684321"
"1","  7.823956"
"1","  7.110245"
"1","  6.518238"
"1","
"
"1"," [11]"
"1","  6.027224"
"1","  5.620014"
"1","  5.282341"
"1","  5.002363"
"1","  4.770251"
"1","  4.573156"
"1","  4.407772"
"1","  4.268544"
"1","  4.149145"
"1","  4.050397"
"1","
"
"1"," [21]"
"1","  3.968546"
"1","  3.900655"
"1","  3.844427"
"1","  3.797865"
"1","  3.759286"
"1","  3.727294"
"1","  3.700847"
"1","  3.678961"
"1","  3.660846"
"1","  3.646067"
"1","
"
"1"," [31]"
"1","  3.632391"
"1","  3.622645"
"1","  3.624185"
"1","  3.635772"
"1","  3.652812"
"1","  3.678969"
"1","  3.707176"
"1","  3.726594"
"1","  3.744327"
"1","  3.760751"
"1","
"
"1"," [41]"
"1","  3.774036"
"1","  3.789028"
"1","  3.810659"
"1","  3.841405"
"1","  3.878185"
"1","  3.920067"
"1","  3.968292"
"1","  4.018441"
"1","  4.069524"
"1","  4.121834"
"1","
"
"1"," [51]"
"1","  4.176451"
"1","  4.231757"
"1","  4.287446"
"1","  4.344618"
"1","  4.401932"
"1","  4.457288"
"1","  4.510954"
"1","  4.562718"
"1","  4.612554"
"1","  4.660078"
"1","
"
"1"," [61]"
"1","  4.704377"
"1","  4.746549"
"1","  4.786493"
"1","  4.823916"
"1","  4.859399"
"1","  4.892215"
"1","  4.923056"
"1","  4.951861"
"1","  4.978448"
"1","  5.003226"
"1","
"
"1"," [71]"
"1","  5.026226"
"1","  5.047476"
"1","  5.067189"
"1","  5.085204"
"1","  5.101905"
"1","  5.117164"
"1","  5.131127"
"1","  5.144243"
"1","  5.155943"
"1","  5.166642"
"1","
"
"1"," [81]"
"1","  5.176851"
"1","  5.185551"
"1","  5.194099"
"1","  5.201746"
"1","  5.208660"
"1","  5.214990"
"1","  5.220922"
"1","  5.226437"
"1","  5.230265"
"1","  5.235430"
"1","
"
"1"," [91]"
"1","  5.238967"
"1","  5.242747"
"1","  5.246610"
"1","  5.249532"
"1","  5.252405"
"1","  5.255136"
"1","  5.257679"
"1","  5.260027"
"1","  5.262183"
"1","  5.264158"
"1","
"
"1","
"
"1","$cvse
"
"1","  [1]"
"1"," 1.8531956"
"1"," 1.6877921"
"1"," 1.5251681"
"1"," 1.3969994"
"1"," 1.2959492"
"1"," 1.2159773"
"1"," 1.1522212"
"1"," 1.1008553"
"1"," 1.0589320"
"1"," 1.0242197"
"1","
"
"1"," [11]"
"1"," 0.9950512"
"1"," 0.9701912"
"1"," 0.9487280"
"1"," 0.9299879"
"1"," 0.9134707"
"1"," 0.8979745"
"1"," 0.8835831"
"1"," 0.8704611"
"1"," 0.8579043"
"1"," 0.8466447"
"1","
"
"1"," [21]"
"1"," 0.8364950"
"1"," 0.8273231"
"1"," 0.8190395"
"1"," 0.8115495"
"1"," 0.8047692"
"1"," 0.7986151"
"1"," 0.7930468"
"1"," 0.7879989"
"1"," 0.7834196"
"1"," 0.7793423"
"1","
"
"1"," [31]"
"1"," 0.7752064"
"1"," 0.7706852"
"1"," 0.7670937"
"1"," 0.7649172"
"1"," 0.7640227"
"1"," 0.7646215"
"1"," 0.7641264"
"1"," 0.7592341"
"1"," 0.7522441"
"1"," 0.7442403"
"1","
"
"1"," [41]"
"1"," 0.7361058"
"1"," 0.7281323"
"1"," 0.7206334"
"1"," 0.7147131"
"1"," 0.7100200"
"1"," 0.7065835"
"1"," 0.7043615"
"1"," 0.7027649"
"1"," 0.7020726"
"1"," 0.7023006"
"1","
"
"1"," [51]"
"1"," 0.7031732"
"1"," 0.7045797"
"1"," 0.7062985"
"1"," 0.7084191"
"1"," 0.7106498"
"1"," 0.7128707"
"1"," 0.7151876"
"1"," 0.7175597"
"1"," 0.7199437"
"1"," 0.7222944"
"1","
"
"1"," [61]"
"1"," 0.7243977"
"1"," 0.7265270"
"1"," 0.7285083"
"1"," 0.7304158"
"1"," 0.7323016"
"1"," 0.7340093"
"1"," 0.7356883"
"1"," 0.7372294"
"1"," 0.7386729"
"1"," 0.7400231"
"1","
"
"1"," [71]"
"1"," 0.7413137"
"1"," 0.7425207"
"1"," 0.7436556"
"1"," 0.7447122"
"1"," 0.7456974"
"1"," 0.7465846"
"1"," 0.7474089"
"1"," 0.7481876"
"1"," 0.7488684"
"1"," 0.7495217"
"1","
"
"1"," [81]"
"1"," 0.7501341"
"1"," 0.7506458"
"1"," 0.7511954"
"1"," 0.7516511"
"1"," 0.7520683"
"1"," 0.7524624"
"1"," 0.7528096"
"1"," 0.7531718"
"1"," 0.7533781"
"1"," 0.7537114"
"1","
"
"1"," [91]"
"1"," 0.7539181"
"1"," 0.7541407"
"1"," 0.7544211"
"1"," 0.7545936"
"1"," 0.7547713"
"1"," 0.7549443"
"1"," 0.7551070"
"1"," 0.7552575"
"1"," 0.7553959"
"1"," 0.7555225"
"1","
"
"1","
"
"1","$lambda
"
"1","  [1]"
"1"," 3.8966047167"
"1"," 3.5504410932"
"1"," 3.2350296919"
"1"," 2.9476385702"
"1"," 2.6857784836"
"1"," 2.4471813255"
"1"," 2.2297804812"
"1"," 2.0316929288"
"1","
"
"1","  [9]"
"1"," 1.8512029286"
"1"," 1.6867471625"
"1"," 1.5369011935"
"1"," 1.4003671273"
"1"," 1.2759623713"
"1"," 1.1626093910"
"1"," 1.0593263769"
"1"," 0.9652187412"
"1","
"
"1"," [17]"
"1"," 0.8794713685"
"1"," 0.8013415561"
"1"," 0.7301525808"
"1"," 0.6652878379"
"1"," 0.6061855000"
"1"," 0.5523336509"
"1"," 0.5032658517"
"1"," 0.4585571005"
"1","
"
"1"," [25]"
"1"," 0.4178201515"
"1"," 0.3807021608"
"1"," 0.3468816301"
"1"," 0.3160656221"
"1"," 0.2879872234"
"1"," 0.2624032322"
"1"," 0.2390920522"
"1"," 0.2178517733"
"1","
"
"1"," [33]"
"1"," 0.1984984222"
"1"," 0.1808643694"
"1"," 0.1647968773"
"1"," 0.1501567769"
"1"," 0.1368172627"
"1"," 0.1246627942"
"1"," 0.1135880951"
"1"," 0.1034972418"
"1","
"
"1"," [41]"
"1"," 0.0943028321"
"1"," 0.0859252284"
"1"," 0.0782918679"
"1"," 0.0713366342"
"1"," 0.0649992842"
"1"," 0.0592249269"
"1"," 0.0539635477"
"1"," 0.0491695748"
"1","
"
"1"," [49]"
"1"," 0.0448014853"
"1"," 0.0408214448"
"1"," 0.0371949802"
"1"," 0.0338906807"
"1"," 0.0308799260"
"1"," 0.0281366385"
"1"," 0.0256370571"
"1"," 0.0233595316"
"1","
"
"1"," [57]"
"1"," 0.0212843352"
"1"," 0.0193934935"
"1"," 0.0176706290"
"1"," 0.0161008190"
"1"," 0.0146704666"
"1"," 0.0133671828"
"1"," 0.0121796791"
"1"," 0.0110976700"
"1","
"
"1"," [65]"
"1"," 0.0101117836"
"1"," 0.0092134806"
"1"," 0.0083949804"
"1"," 0.0076491935"
"1"," 0.0069696602"
"1"," 0.0063504948"
"1"," 0.0057863343"
"1"," 0.0052722923"
"1","
"
"1"," [73]"
"1"," 0.0048039164"
"1"," 0.0043771497"
"1"," 0.0039882958"
"1"," 0.0036339866"
"1"," 0.0033111532"
"1"," 0.0030169995"
"1"," 0.0027489776"
"1"," 0.0025047660"
"1","
"
"1"," [81]"
"1"," 0.0022822495"
"1"," 0.0020795007"
"1"," 0.0018947636"
"1"," 0.0017264380"
"1"," 0.0015730660"
"1"," 0.0014333192"
"1"," 0.0013059871"
"1"," 0.0011899668"
"1","
"
"1"," [89]"
"1"," 0.0010842534"
"1"," 0.0009879313"
"1"," 0.0009001662"
"1"," 0.0008201979"
"1"," 0.0007473338"
"1"," 0.0006809427"
"1"," 0.0006204497"
"1"," 0.0005653306"
"1","
"
"1"," [97]"
"1"," 0.0005151082"
"1"," 0.0004693474"
"1"," 0.0004276519"
"1"," 0.0003896605"
"1","
"
"1","
"
"1","$fit
"
"1","$beta
"
"1","                      "
"1","   3.8966"
"1","     3.5504"
"1","     3.235"
"1","    2.9476"
"1","    2.6858"
"1","   2.4472"
"1","    2.2298"
"1","    2.0317"
"1","
(Intercept)           "
"1"," 10.68592"
"1"," 9.62284873"
"1"," 8.6542173"
"1"," 7.7716363"
"1"," 6.9674615"
"1"," 6.234727"
"1"," 5.5670872"
"1"," 4.9587584"
"1","
absences              "
"1","  0.00000"
"1"," 0.00000000"
"1"," 0.0000000"
"1"," 0.0000000"
"1"," 0.0000000"
"1"," 0.000000"
"1"," 0.0000000"
"1"," 0.0000000"
"1","
G1                    "
"1","  0.00000"
"1"," 0.00000000"
"1"," 0.0000000"
"1"," 0.0000000"
"1"," 0.0000000"
"1"," 0.000000"
"1"," 0.0000000"
"1"," 0.0000000"
"1","
G2                    "
"1","  0.00000"
"1"," 0.09724931"
"1"," 0.1858593"
"1"," 0.2665973"
"1"," 0.3401629"
"1"," 0.407193"
"1"," 0.4682684"
"1"," 0.5239181"
"1","
sex_F                 "
"1","  0.00000"
"1"," 0.00000000"
"1"," 0.0000000"
"1"," 0.0000000"
"1"," 0.0000000"
"1"," 0.000000"
"1"," 0.0000000"
"1"," 0.0000000"
"1","
sex_M                 "
"1","  0.00000"
"1"," 0.00000000"
"1"," 0.0000000"
"1"," 0.0000000"
"1"," 0.0000000"
"1"," 0.000000"
"1"," 0.0000000"
"1"," 0.0000000"
"1","
age_15                "
"1","  0.00000"
"1"," 0.00000000"
"1"," 0.0000000"
"1"," 0.0000000"
"1"," 0.0000000"
"1"," 0.000000"
"1"," 0.0000000"
"1"," 0.0000000"
"1","
age_16                "
"1","  0.00000"
"1"," 0.00000000"
"1"," 0.0000000"
"1"," 0.0000000"
"1"," 0.0000000"
"1"," 0.000000"
"1"," 0.0000000"
"1"," 0.0000000"
"1","
age_17                "
"1","  0.00000"
"1"," 0.00000000"
"1"," 0.0000000"
"1"," 0.0000000"
"1"," 0.0000000"
"1"," 0.000000"
"1"," 0.0000000"
"1"," 0.0000000"
"1","
age_18                "
"1","  0.00000"
"1"," 0.00000000"
"1"," 0.0000000"
"1"," 0.0000000"
"1"," 0.0000000"
"1"," 0.000000"
"1"," 0.0000000"
"1"," 0.0000000"
"1","
"
"1","                      "
"1","    1.8512"
"1","    1.6867"
"1","    1.5369"
"1","    1.4004"
"1","     1.276"
"1","    1.1626"
"1","    1.0593"
"1","      0.9652"
"1","
(Intercept)           "
"1"," 4.4044718"
"1"," 3.8994266"
"1"," 3.4392481"
"1"," 3.0199507"
"1"," 2.6379025"
"1"," 2.2897944"
"1"," 1.9726112"
"1"," 1.675718610"
"1","
absences              "
"1"," 0.0000000"
"1"," 0.0000000"
"1"," 0.0000000"
"1"," 0.0000000"
"1"," 0.0000000"
"1"," 0.0000000"
"1"," 0.0000000"
"1"," 0.000000000"
"1","
G1                    "
"1"," 0.0000000"
"1"," 0.0000000"
"1"," 0.0000000"
"1"," 0.0000000"
"1"," 0.0000000"
"1"," 0.0000000"
"1"," 0.0000000"
"1"," 0.002823149"
"1","
G2                    "
"1"," 0.5746239"
"1"," 0.6208252"
"1"," 0.6629221"
"1"," 0.7012793"
"1"," 0.7362289"
"1"," 0.7680736"
"1"," 0.7970894"
"1"," 0.821374563"
"1","
sex_F                 "
"1"," 0.0000000"
"1"," 0.0000000"
"1"," 0.0000000"
"1"," 0.0000000"
"1"," 0.0000000"
"1"," 0.0000000"
"1"," 0.0000000"
"1"," 0.000000000"
"1","
sex_M                 "
"1"," 0.0000000"
"1"," 0.0000000"
"1"," 0.0000000"
"1"," 0.0000000"
"1"," 0.0000000"
"1"," 0.0000000"
"1"," 0.0000000"
"1"," 0.000000000"
"1","
age_15                "
"1"," 0.0000000"
"1"," 0.0000000"
"1"," 0.0000000"
"1"," 0.0000000"
"1"," 0.0000000"
"1"," 0.0000000"
"1"," 0.0000000"
"1"," 0.000000000"
"1","
age_16                "
"1"," 0.0000000"
"1"," 0.0000000"
"1"," 0.0000000"
"1"," 0.0000000"
"1"," 0.0000000"
"1"," 0.0000000"
"1"," 0.0000000"
"1"," 0.000000000"
"1","
age_17                "
"1"," 0.0000000"
"1"," 0.0000000"
"1"," 0.0000000"
"1"," 0.0000000"
"1"," 0.0000000"
"1"," 0.0000000"
"1"," 0.0000000"
"1"," 0.000000000"
"1","
age_18                "
"1"," 0.0000000"
"1"," 0.0000000"
"1"," 0.0000000"
"1"," 0.0000000"
"1"," 0.0000000"
"1"," 0.0000000"
"1"," 0.0000000"
"1"," 0.000000000"
"1","
"
"1","                      "
"1","     0.8795"
"1","     0.8013"
"1","     0.7302"
"1","     0.6653"
"1","     0.6062"
"1","     0.5523"
"1","     0.5033"
"1","
(Intercept)           "
"1"," 1.37076945"
"1"," 1.09422071"
"1"," 0.84201347"
"1"," 0.61245187"
"1"," 0.40328875"
"1"," 0.21270721"
"1"," 0.03881413"
"1","
absences              "
"1"," 0.00000000"
"1"," 0.00000000"
"1"," 0.00000000"
"1"," 0.00000000"
"1"," 0.00000000"
"1"," 0.00000000"
"1"," 0.00000000"
"1","
G1                    "
"1"," 0.01772002"
"1"," 0.03082474"
"1"," 0.04284628"
"1"," 0.05371387"
"1"," 0.06361427"
"1"," 0.07263512"
"1"," 0.08094129"
"1","
G2                    "
"1"," 0.83410372"
"1"," 0.84605951"
"1"," 0.85689141"
"1"," 0.86682661"
"1"," 0.87588052"
"1"," 0.88413013"
"1"," 0.89158074"
"1","
sex_F                 "
"1"," 0.00000000"
"1"," 0.00000000"
"1"," 0.00000000"
"1"," 0.00000000"
"1"," 0.00000000"
"1"," 0.00000000"
"1"," 0.00000000"
"1","
sex_M                 "
"1"," 0.00000000"
"1"," 0.00000000"
"1"," 0.00000000"
"1"," 0.00000000"
"1"," 0.00000000"
"1"," 0.00000000"
"1"," 0.00000000"
"1","
age_15                "
"1"," 0.00000000"
"1"," 0.00000000"
"1"," 0.00000000"
"1"," 0.00000000"
"1"," 0.00000000"
"1"," 0.00000000"
"1"," 0.00000000"
"1","
age_16                "
"1"," 0.00000000"
"1"," 0.00000000"
"1"," 0.00000000"
"1"," 0.00000000"
"1"," 0.00000000"
"1"," 0.00000000"
"1"," 0.00000000"
"1","
age_17                "
"1"," 0.00000000"
"1"," 0.00000000"
"1"," 0.00000000"
"1"," 0.00000000"
"1"," 0.00000000"
"1"," 0.00000000"
"1"," 0.00000000"
"1","
age_18                "
"1"," 0.00000000"
"1"," 0.00000000"
"1"," 0.00000000"
"1"," 0.00000000"
"1"," 0.00000000"
"1"," 0.00000000"
"1"," 0.00000000"
"1","
"
"1","                      "
"1","      0.4586"
"1","      0.4178"
"1","     0.3807"
"1","     0.3469"
"1","     0.3161"
"1","      0.288"
"1","     0.2624"
"1","
(Intercept)           "
"1"," -0.11939548"
"1"," -0.26354340"
"1"," -0.3948854"
"1"," -0.5147997"
"1"," -0.6238307"
"1"," -0.7231662"
"1"," -0.8136766"
"1","
absences              "
"1","  0.00000000"
"1","  0.00000000"
"1","  0.0000000"
"1","  0.0000000"
"1","  0.0000000"
"1","  0.0000000"
"1","  0.0000000"
"1","
G1                    "
"1","  0.08842535"
"1","  0.09524212"
"1","  0.1014532"
"1","  0.1071986"
"1","  0.1123511"
"1","  0.1170424"
"1","  0.1213169"
"1","
G2                    "
"1","  0.89843368"
"1","  0.90467968"
"1","  0.9103709"
"1","  0.9154908"
"1","  0.9202189"
"1","  0.9245295"
"1","  0.9284573"
"1","
sex_F                 "
"1","  0.00000000"
"1","  0.00000000"
"1","  0.0000000"
"1","  0.0000000"
"1","  0.0000000"
"1","  0.0000000"
"1","  0.0000000"
"1","
sex_M                 "
"1","  0.00000000"
"1","  0.00000000"
"1","  0.0000000"
"1","  0.0000000"
"1","  0.0000000"
"1","  0.0000000"
"1","  0.0000000"
"1","
age_15                "
"1","  0.00000000"
"1","  0.00000000"
"1","  0.0000000"
"1","  0.0000000"
"1","  0.0000000"
"1","  0.0000000"
"1","  0.0000000"
"1","
age_16                "
"1","  0.00000000"
"1","  0.00000000"
"1","  0.0000000"
"1","  0.0000000"
"1","  0.0000000"
"1","  0.0000000"
"1","  0.0000000"
"1","
age_17                "
"1","  0.00000000"
"1","  0.00000000"
"1","  0.0000000"
"1","  0.0000000"
"1","  0.0000000"
"1","  0.0000000"
"1","  0.0000000"
"1","
age_18                "
"1","  0.00000000"
"1","  0.00000000"
"1","  0.0000000"
"1","  0.0000000"
"1","  0.0000000"
"1","  0.0000000"
"1","  0.0000000"
"1","
"
"1","                      "
"1","     0.2391"
"1","       0.2179"
"1","       0.1985"
"1","       0.1809"
"1","       0.1648"
"1","       0.1502"
"1","
(Intercept)           "
"1"," -0.8963858"
"1"," -0.981921726"
"1"," -1.081752927"
"1"," -1.172225046"
"1"," -1.263847891"
"1"," -1.355807106"
"1","
absences              "
"1","  0.0000000"
"1","  0.000000000"
"1","  0.002395194"
"1","  0.004697556"
"1","  0.006767869"
"1","  0.008639554"
"1","
G1                    "
"1","  0.1252973"
"1","  0.129327271"
"1","  0.133994042"
"1","  0.137821298"
"1","  0.141555651"
"1","  0.145541582"
"1","
G2                    "
"1","  0.9319707"
"1","  0.934586399"
"1","  0.936383210"
"1","  0.938347457"
"1","  0.940362808"
"1","  0.942099770"
"1","
sex_F                 "
"1","  0.0000000"
"1","  0.000000000"
"1","  0.000000000"
"1","  0.000000000"
"1","  0.000000000"
"1","  0.000000000"
"1","
sex_M                 "
"1","  0.0000000"
"1","  0.000000000"
"1","  0.000000000"
"1","  0.000000000"
"1","  0.000000000"
"1","  0.000000000"
"1","
age_15                "
"1","  0.0000000"
"1","  0.000000000"
"1","  0.000000000"
"1","  0.000000000"
"1","  0.000000000"
"1","  0.000000000"
"1","
age_16                "
"1","  0.0000000"
"1","  0.000000000"
"1","  0.000000000"
"1","  0.000000000"
"1","  0.000000000"
"1","  0.000000000"
"1","
age_17                "
"1","  0.0000000"
"1","  0.000000000"
"1","  0.000000000"
"1","  0.000000000"
"1","  0.000000000"
"1","  0.000000000"
"1","
age_18                "
"1","  0.0000000"
"1","  0.000000000"
"1","  0.000000000"
"1","  0.000000000"
"1","  0.000000000"
"1","  0.000000000"
"1","
"
"1","                      "
"1","       0.1368"
"1","       0.1247"
"1","        0.1136"
"1","        0.1035"
"1","        0.0943"
"1","       0.0859"
"1","
(Intercept)           "
"1"," -1.450842348"
"1"," -1.539352219"
"1"," -1.6204444261"
"1"," -1.6889042593"
"1"," -1.7514840742"
"1"," -1.809330311"
"1","
absences              "
"1","  0.010566010"
"1","  0.012514655"
"1","  0.0142900343"
"1","  0.0160154326"
"1","  0.0177178222"
"1","  0.019420805"
"1","
G1                    "
"1","  0.149832318"
"1","  0.154898079"
"1","  0.1602017436"
"1","  0.1674635785"
"1","  0.1741614193"
"1","  0.179766834"
"1","
G2                    "
"1","  0.943463323"
"1","  0.943613424"
"1","  0.9433692158"
"1","  0.9415891168"
"1","  0.9400751249"
"1","  0.939106327"
"1","
sex_F                 "
"1","  0.000000000"
"1","  0.000000000"
"1","  0.0000000000"
"1"," -0.0117515957"
"1"," -0.0237641760"
"1"," -0.035680167"
"1","
sex_M                 "
"1","  0.000000000"
"1","  0.000000000"
"1","  0.0000000000"
"1","  0.0117515957"
"1","  0.0237641760"
"1","  0.035680167"
"1","
age_15                "
"1","  0.000000000"
"1","  0.002803188"
"1","  0.0053853476"
"1","  0.0064682667"
"1","  0.0064418750"
"1","  0.004992935"
"1","
age_16                "
"1","  0.000000000"
"1","  0.011655155"
"1","  0.0232273870"
"1","  0.0346202414"
"1","  0.0452395046"
"1","  0.054967516"
"1","
age_17                "
"1","  0.000000000"
"1","  0.006269931"
"1","  0.0117838696"
"1","  0.0174733820"
"1","  0.0226794499"
"1","  0.027186397"
"1","
age_18                "
"1","  0.000000000"
"1"," -0.023886783"
"1"," -0.0465585544"
"1"," -0.0676057532"
"1"," -0.0859915010"
"1"," -0.100989430"
"1","
"
"1","                      "
"1","        0.0783"
"1","        0.0713"
"1","        0.065"
"1","       0.0592"
"1","        0.054"
"1","        0.0492"
"1","
(Intercept)           "
"1"," -1.8628659829"
"1"," -1.9043012894"
"1"," -1.934457653"
"1"," -1.959360328"
"1"," -1.983200890"
"1"," -2.0029458166"
"1","
absences              "
"1","  0.0210444775"
"1","  0.0224511042"
"1","  0.023852626"
"1","  0.025145240"
"1","  0.026322815"
"1","  0.0274290745"
"1","
G1                    "
"1","  0.1849412853"
"1","  0.1901717773"
"1","  0.194719600"
"1","  0.198088664"
"1","  0.201643497"
"1","  0.2048731774"
"1","
G2                    "
"1","  0.9382081834"
"1","  0.9371104271"
"1","  0.936294078"
"1","  0.936174464"
"1","  0.935780196"
"1","  0.9354905953"
"1","
sex_F                 "
"1"," -0.0472897832"
"1"," -0.0582728960"
"1"," -0.066412437"
"1"," -0.073718412"
"1"," -0.080570260"
"1"," -0.0869388468"
"1","
sex_M                 "
"1","  0.0472897832"
"1","  0.0582728960"
"1","  0.066412437"
"1","  0.073718412"
"1","  0.080570260"
"1","  0.0869388468"
"1","
age_15                "
"1","  0.0026408938"
"1"," -0.0006125954"
"1"," -0.003889025"
"1"," -0.007439496"
"1"," -0.011220750"
"1"," -0.0149536957"
"1","
age_16                "
"1","  0.0646759600"
"1","  0.0741634208"
"1","  0.082373857"
"1","  0.089850464"
"1","  0.097050825"
"1","  0.1037177606"
"1","
age_17                "
"1","  0.0314837172"
"1","  0.0354725692"
"1","  0.038717443"
"1","  0.041650565"
"1","  0.044404102"
"1","  0.0469194412"
"1","
age_18                "
"1"," -0.1147447377"
"1"," -0.1269098334"
"1"," -0.136698510"
"1"," -0.144974414"
"1"," -0.152470522"
"1"," -0.1591209761"
"1","
"
"1","                      "
"1","        0.0448"
"1","        0.0408"
"1","        0.0372"
"1","        0.0339"
"1","        0.0309"
"1","        0.0281"
"1","
(Intercept)           "
"1"," -2.0140899109"
"1"," -2.0262640387"
"1"," -2.036210e+00"
"1"," -2.0444822311"
"1"," -2.0513562224"
"1"," -2.0570668062"
"1","
absences              "
"1","  0.0284936350"
"1","  0.0294991728"
"1","  3.041723e-02"
"1","  0.0312611940"
"1","  0.0320364624"
"1","  0.0327480876"
"1","
G1                    "
"1","  0.2068649978"
"1","  0.2088453814"
"1","  2.106698e-01"
"1","  0.2123784538"
"1","  0.2139851386"
"1","  0.2154994271"
"1","
G2                    "
"1","  0.9359025759"
"1","  0.9362897336"
"1","  9.366318e-01"
"1","  0.9369219426"
"1","  0.9371610738"
"1","  0.9373525089"
"1","
sex_F                 "
"1"," -0.0929609360"
"1"," -0.0989507745"
"1"," -1.045620e-01"
"1"," -0.1098412497"
"1"," -0.1147987873"
"1"," -0.1194451014"
"1","
sex_M                 "
"1","  0.0929609360"
"1","  0.0989507745"
"1","  1.045620e-01"
"1","  0.1098412497"
"1","  0.1147987873"
"1","  0.1194451014"
"1","
age_15                "
"1"," -0.0183182967"
"1"," -0.0216737307"
"1"," -2.505863e-02"
"1"," -0.0284553338"
"1"," -0.0318432809"
"1"," -0.0352035164"
"1","
age_16                "
"1","  0.1093385786"
"1","  0.1145371818"
"1","  1.192476e-01"
"1","  0.1235431272"
"1","  0.1274587771"
"1","  0.1310253350"
"1","
age_17                "
"1","  0.0489775119"
"1","  0.0513626016"
"1","  5.357891e-02"
"1","  0.0556883484"
"1","  0.0577111369"
"1","  0.0596623934"
"1","
age_18                "
"1"," -0.1644201487"
"1"," -0.1696184584"
"1"," -1.740205e-01"
"1"," -0.1778026351"
"1"," -0.1810514006"
"1"," -0.1838406766"
"1","
"
"1","                      "
"1","       0.0256"
"1","       0.0234"
"1","       0.0213"
"1","       0.0194"
"1","        0.0177"
"1","        0.0161"
"1","
(Intercept)           "
"1"," -2.061813996"
"1"," -2.065767489"
"1"," -2.067016387"
"1"," -2.067560272"
"1"," -2.0678237919"
"1"," -2.0685072669"
"1","
absences              "
"1","  0.033400813"
"1","  0.033999090"
"1","  0.034554867"
"1","  0.035099762"
"1","  0.0355821025"
"1","  0.0360163862"
"1","
G1                    "
"1","  0.216928576"
"1","  0.218278345"
"1","  0.219627530"
"1","  0.220861943"
"1","  0.2220828606"
"1","  0.2233806208"
"1","
G2                    "
"1","  0.937500530"
"1","  0.937609773"
"1","  0.937607975"
"1","  0.937590140"
"1","  0.9375173619"
"1","  0.9373288747"
"1","
sex_F                 "
"1"," -0.123791335"
"1"," -0.127849192"
"1"," -0.131860729"
"1"," -0.135540991"
"1"," -0.1389719315"
"1"," -0.1421350312"
"1","
sex_M                 "
"1","  0.123791335"
"1","  0.127849192"
"1","  0.131860729"
"1","  0.135540991"
"1","  0.1389719315"
"1","  0.1421350312"
"1","
age_15                "
"1"," -0.038518683"
"1"," -0.041773025"
"1"," -0.044764820"
"1"," -0.047368684"
"1"," -0.0500533388"
"1"," -0.0527512675"
"1","
age_16                "
"1","  0.134270715"
"1","  0.137220497"
"1","  0.139921501"
"1","  0.142643066"
"1","  0.1448875832"
"1","  0.1466062433"
"1","
age_17                "
"1","  0.061552968"
"1","  0.063390086"
"1","  0.065287607"
"1","  0.067059127"
"1","  0.0688152972"
"1","  0.0706426812"
"1","
age_18                "
"1"," -0.186234326"
"1"," -0.188287548"
"1"," -0.190405296"
"1"," -0.192819574"
"1"," -0.1945735915"
"1"," -0.1957842452"
"1","
"
"1","                      "
"1","       0.0147"
"1","        0.0134"
"1","        0.0122"
"1","        0.0111"
"1","       0.0101"
"1","       0.0092"
"1","
(Intercept)           "
"1"," -2.070396643"
"1"," -2.0718193625"
"1"," -2.0731636771"
"1"," -2.0743812376"
"1"," -2.075473551"
"1"," -2.076454301"
"1","
absences              "
"1","  0.036440795"
"1","  0.0368206815"
"1","  0.0371667838"
"1","  0.0374824766"
"1","  0.037770406"
"1","  0.038032968"
"1","
G1                    "
"1","  0.224444154"
"1","  0.2255050962"
"1","  0.2265303828"
"1","  0.2275013298"
"1","  0.228413366"
"1","  0.229266708"
"1","
G2                    "
"1","  0.937239227"
"1","  0.9370901164"
"1","  0.9369222414"
"1","  0.9367506392"
"1","  0.936581111"
"1","  0.936416195"
"1","
sex_F                 "
"1"," -0.145423737"
"1"," -0.1484200504"
"1"," -0.1511799409"
"1"," -0.1537232857"
"1"," -0.156065009"
"1"," -0.158219142"
"1","
sex_M                 "
"1","  0.145423737"
"1","  0.1484200504"
"1","  0.1511799409"
"1","  0.1537232857"
"1","  0.156065009"
"1","  0.158219142"
"1","
age_15                "
"1"," -0.055273388"
"1"," -0.0577784917"
"1"," -0.0601720480"
"1"," -0.0624491546"
"1"," -0.064607769"
"1"," -0.066647556"
"1","
age_16                "
"1","  0.148252000"
"1","  0.1495133797"
"1","  0.1506305946"
"1","  0.1516248730"
"1","  0.152508468"
"1","  0.153292924"
"1","
age_17                "
"1","  0.072539166"
"1","  0.0744073985"
"1","  0.0762126394"
"1","  0.0779464673"
"1","  0.079605538"
"1","  0.081187812"
"1","
age_18                "
"1"," -0.197180460"
"1"," -0.1981149318"
"1"," -0.1989289000"
"1"," -0.1996425652"
"1"," -0.200268500"
"1"," -0.200818129"
"1","
"
"1","                      "
"1","       0.0084"
"1","       0.0076"
"1","         0.007"
"1","       0.0064"
"1","       0.0058"
"1","       0.0053"
"1","
(Intercept)           "
"1"," -2.079348244"
"1"," -2.082279194"
"1"," -2.0852367424"
"1"," -2.088675928"
"1"," -2.091513671"
"1"," -2.094190798"
"1","
absences              "
"1","  0.038274016"
"1","  0.038510048"
"1","  0.0387111138"
"1","  0.038895172"
"1","  0.039068103"
"1","  0.039224125"
"1","
G1                    "
"1","  0.230171246"
"1","  0.230767271"
"1","  0.2314439000"
"1","  0.231941276"
"1","  0.232416065"
"1","  0.232882670"
"1","
G2                    "
"1","  0.936175984"
"1","  0.936121538"
"1","  0.9360001654"
"1","  0.936046849"
"1","  0.936061538"
"1","  0.936055561"
"1","
sex_F                 "
"1"," -0.160241145"
"1"," -0.162218015"
"1"," -0.1640082244"
"1"," -0.165448295"
"1"," -0.166923321"
"1"," -0.168273349"
"1","
sex_M                 "
"1","  0.160241145"
"1","  0.162218015"
"1","  0.1640082244"
"1","  0.165448295"
"1","  0.166923321"
"1","  0.168273349"
"1","
age_15                "
"1"," -0.068757662"
"1"," -0.070665144"
"1"," -0.0725711828"
"1"," -0.073733779"
"1"," -0.075114421"
"1"," -0.076419410"
"1","
age_16                "
"1","  0.153735008"
"1","  0.154467354"
"1","  0.1548905187"
"1","  0.155929645"
"1","  0.156523766"
"1","  0.157015813"
"1","
age_17                "
"1","  0.082770498"
"1","  0.084019692"
"1","  0.0852193197"
"1","  0.085933591"
"1","  0.086784880"
"1","  0.087608904"
"1","
age_18                "
"1"," -0.200893864"
"1"," -0.201138262"
"1"," -0.2009667826"
"1"," -0.201750672"
"1"," -0.201940559"
"1"," -0.202061702"
"1","
"
"1","                      "
"1","        0.0048"
"1","       0.0044"
"1","        0.004"
"1","       0.0036"
"1","       0.0033"
"1","        0.003"
"1","
(Intercept)           "
"1"," -2.0971439198"
"1"," -2.099321904"
"1"," -2.101434137"
"1"," -2.103470765"
"1"," -2.105401872"
"1"," -2.107211205"
"1","
absences              "
"1","  0.0393607871"
"1","  0.039470921"
"1","  0.039574228"
"1","  0.039667276"
"1","  0.039751782"
"1","  0.039828692"
"1","
G1                    "
"1","  0.2334196398"
"1","  0.233770989"
"1","  0.234134056"
"1","  0.234490404"
"1","  0.234830420"
"1","  0.235150213"
"1","
G2                    "
"1","  0.9359887462"
"1","  0.935962822"
"1","  0.935926258"
"1","  0.935881137"
"1","  0.935832512"
"1","  0.935783151"
"1","
sex_F                 "
"1"," -0.1695578518"
"1"," -0.170530340"
"1"," -0.171499663"
"1"," -0.172386281"
"1"," -0.173197511"
"1"," -0.173940426"
"1","
sex_M                 "
"1","  0.1695578518"
"1","  0.170530340"
"1","  0.171499663"
"1","  0.172386281"
"1","  0.173197511"
"1","  0.173940426"
"1","
age_15                "
"1"," -0.0778948238"
"1"," -0.078992174"
"1"," -0.080142558"
"1"," -0.081210088"
"1"," -0.082192091"
"1"," -0.083094888"
"1","
age_16                "
"1","  0.1572195755"
"1","  0.157901538"
"1","  0.158363309"
"1","  0.158753583"
"1","  0.159104634"
"1","  0.159423368"
"1","
age_17                "
"1","  0.0885967007"
"1","  0.089246573"
"1","  0.089923006"
"1","  0.090572190"
"1","  0.091176560"
"1","  0.091735408"
"1","
age_18                "
"1"," -0.2018537952"
"1"," -0.202217665"
"1"," -0.202298915"
"1"," -0.202354801"
"1"," -0.202405328"
"1"," -0.202450874"
"1","
"
"1","                      "
"1","       0.0027"
"1","       0.0025"
"1","       0.0023"
"1","        0.0021"
"1","        0.0019"
"1","        0.0017"
"1","
(Intercept)           "
"1"," -2.108812391"
"1"," -2.110264306"
"1"," -2.111620478"
"1"," -2.1129082914"
"1"," -2.1141230626"
"1"," -2.1152587957"
"1","
absences              "
"1","  0.039892718"
"1","  0.039959625"
"1","  0.040019204"
"1","  0.0400726503"
"1","  0.0401210402"
"1","  0.0401650235"
"1","
G1                    "
"1","  0.235390754"
"1","  0.235632628"
"1","  0.235869779"
"1","  0.2360992709"
"1","  0.2363176754"
"1","  0.2365230236"
"1","
G2                    "
"1","  0.935758103"
"1","  0.935729575"
"1","  0.935694990"
"1","  0.9356569506"
"1","  0.9356177163"
"1","  0.9355787448"
"1","
sex_F                 "
"1"," -0.174505989"
"1"," -0.175140873"
"1"," -0.175726898"
"1"," -0.1762594607"
"1"," -0.1767443311"
"1"," -0.1771865769"
"1","
sex_M                 "
"1","  0.174505989"
"1","  0.175140873"
"1","  0.175726898"
"1","  0.1762594607"
"1","  0.1767443311"
"1","  0.1771865769"
"1","
age_15                "
"1"," -0.083707142"
"1"," -0.084452867"
"1"," -0.085169162"
"1"," -0.0858304217"
"1"," -0.0864363826"
"1"," -0.0869912204"
"1","
age_16                "
"1","  0.159815088"
"1","  0.160123873"
"1","  0.160367711"
"1","  0.1605767278"
"1","  0.1607628565"
"1","  0.1609308940"
"1","
age_17                "
"1","  0.092194731"
"1","  0.092628985"
"1","  0.093052799"
"1","  0.0934548640"
"1","  0.0938294407"
"1","  0.0941757658"
"1","
age_18                "
"1"," -0.202779515"
"1"," -0.202838246"
"1"," -0.202841062"
"1"," -0.2028375256"
"1"," -0.2028351306"
"1"," -0.2028340572"
"1","
"
"1","                      "
"1","        0.0016"
"1","        0.0014"
"1","        0.0013"
"1","        0.0012"
"1","        0.0011"
"1","         0.001"
"1","
(Intercept)           "
"1"," -2.1163139818"
"1"," -2.1172903359"
"1"," -2.1179407749"
"1"," -2.118916e+00"
"1"," -2.1194647801"
"1"," -2.1201001215"
"1","
absences              "
"1","  0.0402050515"
"1","  0.0402414929"
"1","  0.0402579149"
"1","  4.030675e-02"
"1","  0.0403202946"
"1","  0.0403444593"
"1","
G1                    "
"1","  0.2367146004"
"1","  0.2368924275"
"1","  0.2369831743"
"1","  2.371700e-01"
"1","  0.2372534804"
"1","  0.2373525062"
"1","
G2                    "
"1","  0.9355409132"
"1","  0.9355047286"
"1","  0.9354886656"
"1","  9.354575e-01"
"1","  0.9354402900"
"1","  0.9354263146"
"1","
sex_F                 "
"1"," -0.1775902104"
"1"," -0.1779586595"
"1"," -0.1781384540"
"1"," -1.785921e-01"
"1"," -0.1787556465"
"1"," -0.1789768391"
"1","
sex_M                 "
"1","  0.1775902104"
"1","  0.1779586595"
"1","  0.1781384540"
"1","  1.785921e-01"
"1","  0.1787556465"
"1","  0.1789768391"
"1","
age_15                "
"1"," -0.0874992444"
"1"," -0.0879643370"
"1"," -0.0882146571"
"1"," -8.872986e-02"
"1"," -0.0889708210"
"1"," -0.0892198012"
"1","
age_16                "
"1","  0.1610832167"
"1","  0.1612214484"
"1","  0.1613992545"
"1","  1.615139e-01"
"1","  0.1616420304"
"1","  0.1617754034"
"1","
age_17                "
"1","  0.0944949015"
"1","  0.0947884652"
"1","  0.0950008757"
"1","  9.526331e-02"
"1","  0.0954512040"
"1","  0.0956324031"
"1","
age_18                "
"1"," -0.2028336500"
"1"," -0.2028334846"
"1"," -0.2030170313"
"1"," -2.028991e-01"
"1"," -0.2030063788"
"1"," -0.2031033538"
"1","
"
"1","                      "
"1","         9e-04"
"1","         8e-04"
"1","         7e-04"
"1","         7e-04"
"1","         6e-04"
"1","         6e-04"
"1","
(Intercept)           "
"1"," -2.1206878524"
"1"," -2.1212301194"
"1"," -2.1217346228"
"1"," -2.1222079927"
"1"," -2.1226535372"
"1"," -2.1230723564"
"1","
absences              "
"1","  0.0403696579"
"1","  0.0403926523"
"1","  0.0404132681"
"1","  0.0404317250"
"1","  0.0404483030"
"1","  0.0404632540"
"1","
G1                    "
"1","  0.2374505292"
"1","  0.2375455463"
"1","  0.2376372594"
"1","  0.2377254532"
"1","  0.2378097794"
"1","  0.2378898806"
"1","
G2                    "
"1","  0.9354117352"
"1","  0.9353957876"
"1","  0.9353786093"
"1","  0.9353606287"
"1","  0.9353422934"
"1","  0.9353239879"
"1","
sex_F                 "
"1"," -0.1792157366"
"1"," -0.1794445875"
"1"," -0.1796556728"
"1"," -0.1798479563"
"1"," -0.1800224387"
"1"," -0.1801806832"
"1","
sex_M                 "
"1","  0.1792157366"
"1","  0.1794445875"
"1","  0.1796556728"
"1","  0.1798479563"
"1","  0.1800224387"
"1","  0.1801806832"
"1","
age_15                "
"1"," -0.0895012733"
"1"," -0.0897819064"
"1"," -0.0900479899"
"1"," -0.0902949079"
"1"," -0.0905217040"
"1"," -0.0907290057"
"1","
age_16                "
"1","  0.1618880752"
"1","  0.1619775628"
"1","  0.1620490154"
"1","  0.1621077898"
"1","  0.1621575353"
"1","  0.1622006072"
"1","
age_17                "
"1","  0.0958014141"
"1","  0.0959626567"
"1","  0.0961172618"
"1","  0.0962643626"
"1","  0.0964028812"
"1","  0.0965321785"
"1","
age_18                "
"1"," -0.2031269468"
"1"," -0.2031154304"
"1"," -0.2030909280"
"1"," -0.2030636524"
"1"," -0.2030376293"
"1"," -0.2030141776"
"1","
"
"1","                      "
"1","         5e-04"
"1","         5e-04"
"1","        4e-04"
"1","        4e-04"
"1","
(Intercept)           "
"1"," -2.1234647488"
"1"," -2.1238309845"
"1"," -2.124171586"
"1"," -2.124487365"
"1","
absences              "
"1","  0.0404767831"
"1","  0.0404890553"
"1","  0.040500205"
"1","  0.040510345"
"1","
G1                    "
"1","  0.2379654902"
"1","  0.2380364669"
"1","  0.238102787"
"1","  0.238164520"
"1","
G2                    "
"1","  0.9353060132"
"1","  0.9352885911"
"1","  0.935271876"
"1","  0.935255970"
"1","
sex_F                 "
"1"," -0.1803242904"
"1"," -0.1804547249"
"1"," -0.180573283"
"1"," -0.180681107"
"1","
sex_M                 "
"1","  0.1803242904"
"1","  0.1804547249"
"1","  0.180573283"
"1","  0.180681107"
"1","
age_15                "
"1"," -0.0909180989"
"1"," -0.0910904643"
"1"," -0.091247566"
"1"," -0.091390772"
"1","
age_16                "
"1","  0.1622385387"
"1","  0.1622723397"
"1","  0.162302693"
"1","  0.162330082"
"1","
age_17                "
"1","  0.0966521050"
"1","  0.0967628573"
"1","  0.096864834"
"1","  0.096958537"
"1","
age_18                "
"1"," -0.2029935176"
"1"," -0.2029754533"
"1"," -0.202959661"
"1"," -0.202945808"
"1","
"
"1"," [ reached getOption(""max.print"") -- omitted 90 rows ]
"
"1","
"
"1","$family
"
"1","[1]"
"1"," ""gaussian"""
"1","
"
"1","
"
"1","$group
"
"1"," [1]"
"1"," 1 "
"1"," 2 "
"1"," 3 "
"1"," 4 "
"1"," 4 "
"1"," 5 "
"1"," 5 "
"1"," 5 "
"1"," 5 "
"1"," 6 "
"1"," 6 "
"1"," 7 "
"1"," 7 "
"1"," 8 "
"1"," 8 "
"1"," 9 "
"1"," 9 "
"1"," 9 "
"1"," 9 "
"1"," 9 "
"1"," 10"
"1"," 10"
"1"," 10"
"1"," 10"
"1"," 10"
"1"," 11"
"1"," 11"
"1"," 11"
"1"," 11"
"1"," 12"
"1"," 12"
"1"," 12"
"1"," 13"
"1"," 13"
"1"," 13"
"1","
"
"1","[36]"
"1"," 13"
"1"," 14"
"1"," 14"
"1"," 14"
"1"," 14"
"1"," 15"
"1"," 15"
"1"," 15"
"1"," 15"
"1"," 16"
"1"," 16"
"1"," 17"
"1"," 17"
"1"," 18"
"1"," 18"
"1"," 19"
"1"," 19"
"1"," 20"
"1"," 20"
"1"," 21"
"1"," 21"
"1"," 22"
"1"," 22"
"1"," 23"
"1"," 23"
"1"," 24"
"1"," 24"
"1"," 24"
"1"," 24"
"1"," 24"
"1"," 25"
"1"," 25"
"1"," 25"
"1"," 25"
"1"," 25"
"1","
"
"1","[71]"
"1"," 26"
"1"," 26"
"1"," 26"
"1"," 26"
"1"," 26"
"1"," 27"
"1"," 27"
"1"," 27"
"1"," 27"
"1"," 27"
"1"," 28"
"1"," 29"
"1"," 28"
"1"," 28"
"1"," 28"
"1"," 28"
"1"," 28"
"1"," 28"
"1"," 28"
"1"," 28"
"1"," 28"
"1"," 29"
"1"," 29"
"1"," 29"
"1"," 29"
"1"," 29"
"1"," 29"
"1"," 29"
"1"," 29"
"1","
"
"1",""
"1","Levels: "
"1",""
"1","1 2 3 4 5 6 7 8 9 10 11 12 13 14 15 16 17 18 19 20 21 22 23 24 25 26 27 28 29"
"1",""
"1","
"
"1","
"
"1","$lambda
"
"1","  [1]"
"1"," 3.8966047167"
"1"," 3.5504410932"
"1"," 3.2350296919"
"1"," 2.9476385702"
"1"," 2.6857784836"
"1"," 2.4471813255"
"1"," 2.2297804812"
"1"," 2.0316929288"
"1","
"
"1","  [9]"
"1"," 1.8512029286"
"1"," 1.6867471625"
"1"," 1.5369011935"
"1"," 1.4003671273"
"1"," 1.2759623713"
"1"," 1.1626093910"
"1"," 1.0593263769"
"1"," 0.9652187412"
"1","
"
"1"," [17]"
"1"," 0.8794713685"
"1"," 0.8013415561"
"1"," 0.7301525808"
"1"," 0.6652878379"
"1"," 0.6061855000"
"1"," 0.5523336509"
"1"," 0.5032658517"
"1"," 0.4585571005"
"1","
"
"1"," [25]"
"1"," 0.4178201515"
"1"," 0.3807021608"
"1"," 0.3468816301"
"1"," 0.3160656221"
"1"," 0.2879872234"
"1"," 0.2624032322"
"1"," 0.2390920522"
"1"," 0.2178517733"
"1","
"
"1"," [33]"
"1"," 0.1984984222"
"1"," 0.1808643694"
"1"," 0.1647968773"
"1"," 0.1501567769"
"1"," 0.1368172627"
"1"," 0.1246627942"
"1"," 0.1135880951"
"1"," 0.1034972418"
"1","
"
"1"," [41]"
"1"," 0.0943028321"
"1"," 0.0859252284"
"1"," 0.0782918679"
"1"," 0.0713366342"
"1"," 0.0649992842"
"1"," 0.0592249269"
"1"," 0.0539635477"
"1"," 0.0491695748"
"1","
"
"1"," [49]"
"1"," 0.0448014853"
"1"," 0.0408214448"
"1"," 0.0371949802"
"1"," 0.0338906807"
"1"," 0.0308799260"
"1"," 0.0281366385"
"1"," 0.0256370571"
"1"," 0.0233595316"
"1","
"
"1"," [57]"
"1"," 0.0212843352"
"1"," 0.0193934935"
"1"," 0.0176706290"
"1"," 0.0161008190"
"1"," 0.0146704666"
"1"," 0.0133671828"
"1"," 0.0121796791"
"1"," 0.0110976700"
"1","
"
"1"," [65]"
"1"," 0.0101117836"
"1"," 0.0092134806"
"1"," 0.0083949804"
"1"," 0.0076491935"
"1"," 0.0069696602"
"1"," 0.0063504948"
"1"," 0.0057863343"
"1"," 0.0052722923"
"1","
"
"1"," [73]"
"1"," 0.0048039164"
"1"," 0.0043771497"
"1"," 0.0039882958"
"1"," 0.0036339866"
"1"," 0.0033111532"
"1"," 0.0030169995"
"1"," 0.0027489776"
"1"," 0.0025047660"
"1","
"
"1"," [81]"
"1"," 0.0022822495"
"1"," 0.0020795007"
"1"," 0.0018947636"
"1"," 0.0017264380"
"1"," 0.0015730660"
"1"," 0.0014333192"
"1"," 0.0013059871"
"1"," 0.0011899668"
"1","
"
"1"," [89]"
"1"," 0.0010842534"
"1"," 0.0009879313"
"1"," 0.0009001662"
"1"," 0.0008201979"
"1"," 0.0007473338"
"1"," 0.0006809427"
"1"," 0.0006204497"
"1"," 0.0005653306"
"1","
"
"1"," [97]"
"1"," 0.0005151082"
"1"," 0.0004693474"
"1"," 0.0004276519"
"1"," 0.0003896605"
"1","
"
"1","
"
"1","$alpha
"
"1","[1]"
"1"," 1"
"1","
"
"1","
"
"1","$loss
"
"1","  [1]"
"1"," 5197.6751"
"1"," 4483.5978"
"1"," 3890.7583"
"1"," 3398.5725"
"1"," 2989.9512"
"1"," 2650.7067"
"1"," 2369.0599"
"1"," 2135.2317"
"1"," 1941.1035"
"1"," 1779.9349"
"1","
"
"1"," [11]"
"1"," 1646.1298"
"1"," 1535.0425"
"1"," 1442.8159"
"1"," 1366.2477"
"1"," 1302.6795"
"1"," 1249.1013"
"1"," 1201.2794"
"1"," 1161.6972"
"1"," 1128.8183"
"1"," 1101.5400"
"1","
"
"1"," [21]"
"1"," 1078.8934"
"1"," 1060.0918"
"1"," 1044.4697"
"1"," 1031.5123"
"1"," 1020.7552"
"1"," 1011.8244"
"1"," 1004.4013"
"1","  998.2468"
"1","  993.1376"
"1","  988.8958"
"1","
"
"1"," [31]"
"1","  985.3683"
"1","  977.7850"
"1","  968.0986"
"1","  959.9534"
"1","  943.8186"
"1","  927.7027"
"1","  910.2340"
"1","  892.3057"
"1","  873.9591"
"1","  854.1198"
"1","
"
"1"," [41]"
"1","  834.5618"
"1","  816.4999"
"1","  801.1039"
"1","  787.8167"
"1","  774.9080"
"1","  763.9451"
"1","  754.6808"
"1","  746.3888"
"1","  738.5681"
"1","  731.8543"
"1","
"
"1"," [51]"
"1","  726.1879"
"1","  721.4064"
"1","  717.3746"
"1","  713.9773"
"1","  711.1165"
"1","  708.7090"
"1","  706.6334"
"1","  704.8796"
"1","  703.4046"
"1","  702.1519"
"1","
"
"1"," [61]"
"1","  701.0893"
"1","  700.1928"
"1","  699.4405"
"1","  698.8099"
"1","  698.2816"
"1","  697.8392"
"1","  697.4606"
"1","  697.1507"
"1","  696.8659"
"1","  696.6339"
"1","
"
"1"," [71]"
"1","  696.4338"
"1","  696.2659"
"1","  696.1166"
"1","  696.0021"
"1","  695.9024"
"1","  695.8187"
"1","  695.7487"
"1","  695.6903"
"1","  695.6455"
"1","  695.6050"
"1","
"
"1"," [81]"
"1","  695.5707"
"1","  695.5420"
"1","  695.5179"
"1","  695.4979"
"1","  695.4812"
"1","  695.4673"
"1","  695.4587"
"1","  695.4466"
"1","  695.4404"
"1","  695.4341"
"1","
"
"1"," [91]"
"1","  695.4284"
"1","  695.4235"
"1","  695.4194"
"1","  695.4159"
"1","  695.4130"
"1","  695.4106"
"1","  695.4086"
"1","  695.4069"
"1","  695.4055"
"1","  695.4043"
"1","
"
"1","
"
"1","$n
"
"1","[1]"
"1"," 277"
"1","
"
"1","
"
"1","$penalty
"
"1","[1]"
"1"," ""grLasso"""
"1","
"
"1","
"
"1","$df
"
"1","  [1]"
"1","  1.000000"
"1","  1.088837"
"1","  1.169782"
"1","  1.243537"
"1","  1.310739"
"1","  1.371971"
"1","  1.427763"
"1","  1.478599"
"1","  1.524919"
"1","  1.567124"
"1","
"
"1"," [11]"
"1","  1.605579"
"1","  1.640619"
"1","  1.672545"
"1","  1.701635"
"1","  1.728141"
"1","  1.761194"
"1","  1.832772"
"1","  1.900681"
"1","  1.966641"
"1","  2.030019"
"1","
"
"1"," [21]"
"1","  2.091005"
"1","  2.149528"
"1","  2.205764"
"1","  2.259187"
"1","  2.310027"
"1","  2.358287"
"1","  2.404176"
"1","  2.447317"
"1","  2.487962"
"1","  2.526175"
"1","
"
"1"," [31]"
"1","  2.562179"
"1","  2.755890"
"1","  3.058795"
"1","  3.335681"
"1","  4.139277"
"1","  5.031937"
"1","  6.194798"
"1","  7.651351"
"1","  9.433394"
"1"," 11.722694"
"1","
"
"1"," [41]"
"1"," 14.363707"
"1"," 17.144649"
"1"," 19.769223"
"1"," 22.304038"
"1"," 25.220445"
"1"," 27.918515"
"1"," 30.373570"
"1"," 32.926070"
"1"," 35.827548"
"1"," 38.538089"
"1","
"
"1"," [51]"
"1"," 40.983855"
"1"," 43.189852"
"1"," 45.179245"
"1"," 46.973306"
"1"," 48.591424"
"1"," 50.051176"
"1"," 51.509952"
"1"," 52.833390"
"1"," 54.014108"
"1"," 55.110093"
"1","
"
"1"," [61]"
"1"," 56.200584"
"1"," 57.169026"
"1"," 58.031618"
"1"," 58.802165"
"1"," 59.492203"
"1"," 60.111415"
"1"," 60.766931"
"1"," 61.376127"
"1"," 62.426695"
"1"," 63.414972"
"1","
"
"1"," [71]"
"1"," 64.254516"
"1"," 64.983674"
"1"," 65.754357"
"1"," 66.437152"
"1"," 67.039772"
"1"," 67.566532"
"1"," 68.028428"
"1"," 68.435236"
"1"," 68.784176"
"1"," 69.103275"
"1","
"
"1"," [81]"
"1"," 69.389018"
"1"," 69.644153"
"1"," 69.872212"
"1"," 70.076442"
"1"," 70.259665"
"1"," 70.424308"
"1"," 70.567333"
"1"," 70.704913"
"1"," 70.822515"
"1"," 70.930676"
"1","
"
"1"," [91]"
"1"," 71.029181"
"1"," 71.118578"
"1"," 71.199589"
"1"," 71.272971"
"1"," 71.339453"
"1"," 71.399701"
"1"," 71.454324"
"1"," 71.503868"
"1"," 71.548823"
"1"," 71.589631"
"1","
"
"1","
"
"1","$iter
"
"1","  [1]"
"1","  0"
"1","  3"
"1","  2"
"1","  2"
"1","  2"
"1","  2"
"1","  2"
"1","  2"
"1","  2"
"1","  2"
"1","  2"
"1","  2"
"1","  2"
"1","  2"
"1","  2"
"1","  9"
"1"," 12"
"1"," 12"
"1"," 11"
"1"," 11"
"1"," 11"
"1"," 11"
"1"," 10"
"1"," 10"
"1"," 10"
"1"," 10"
"1","  9"
"1","  9"
"1","  9"
"1","  9"
"1","  8"
"1"," 13"
"1","  8"
"1","  6"
"1","  9"
"1","
"
"1"," [36]"
"1","  6"
"1"," 10"
"1","  7"
"1","  8"
"1"," 11"
"1"," 11"
"1"," 10"
"1","  7"
"1"," 10"
"1"," 11"
"1","  5"
"1","  6"
"1","  8"
"1","  7"
"1","  5"
"1","  5"
"1","  5"
"1","  5"
"1","  5"
"1","  5"
"1","  5"
"1","  7"
"1","  4"
"1","  4"
"1","  6"
"1","  4"
"1","  4"
"1","  4"
"1","  4"
"1","  4"
"1","  4"
"1","  6"
"1","  4"
"1","  6"
"1","  3"
"1","
"
"1"," [71]"
"1","  3"
"1","  3"
"1","  5"
"1","  3"
"1","  3"
"1","  3"
"1","  3"
"1","  3"
"1","  2"
"1","  2"
"1","  2"
"1","  2"
"1","  2"
"1","  2"
"1","  2"
"1","  2"
"1","  1"
"1","  2"
"1","  1"
"1","  1"
"1","  1"
"1","  1"
"1","  1"
"1","  1"
"1","  1"
"1","  1"
"1","  1"
"1","  1"
"1","  1"
"1","  1"
"1","
"
"1","
"
"1","$group.multiplier
"
"1","
"
"1","       1 "
"1","       2 "
"1","       3 "
"1","       4 "
"1","       5 "
"1","       6 "
"1","       7 "
"1","       8 "
"1","       9 "
"1","      10 "
"1","      11 "
"1","      12 "
"1","
"
"1","1.000000 "
"1","1.000000 "
"1","1.000000 "
"1","1.000000 "
"1","1.732051 "
"1","1.000000 "
"1","1.000000 "
"1","1.000000 "
"1","2.000000 "
"1","2.000000 "
"1","1.732051 "
"1","1.414214 "
"1","
"
"1","      13 "
"1","      14 "
"1","      15 "
"1","      16 "
"1","      17 "
"1","      18 "
"1","      19 "
"1","      20 "
"1","      21 "
"1","      22 "
"1","      23 "
"1","      24 "
"1","
"
"1","1.732051 "
"1","1.732051 "
"1","1.732051 "
"1","1.000000 "
"1","1.000000 "
"1","1.000000 "
"1","1.000000 "
"1","1.000000 "
"1","1.000000 "
"1","1.000000 "
"1","1.000000 "
"1","2.000000 "
"1","
"
"1","      25 "
"1","      26 "
"1","      27 "
"1","      28 "
"1","      29 "
"1","
"
"1","2.000000 "
"1","2.000000 "
"1","2.000000 "
"1","2.828427 "
"1","2.645751 "
"1","
"
"1","
"
"1","$y
"
"1","  [1]"
"1","  -4.6859206"
"1","  -4.6859206"
"1","  -0.6859206"
"1","   4.3140794"
"1","  -0.6859206"
"1","   4.3140794"
"1","   0.3140794"
"1","  -4.6859206"
"1","
"
"1","  [9]"
"1","   8.3140794"
"1","   4.3140794"
"1","  -1.6859206"
"1","   1.3140794"
"1","   3.3140794"
"1","   0.3140794"
"1","   5.3140794"
"1","   3.3140794"
"1","
"
"1"," [17]"
"1","   3.3140794"
"1","  -0.6859206"
"1","  -5.6859206"
"1","   4.3140794"
"1","   4.3140794"
"1","   5.3140794"
"1","   1.3140794"
"1","  -2.6859206"
"1","
"
"1"," [25]"
"1","   0.3140794"
"1","   4.3140794"
"1","   0.3140794"
"1","   1.3140794"
"1","   6.3140794"
"1","   5.3140794"
"1","   4.3140794"
"1","  -4.6859206"
"1","
"
"1"," [33]"
"1","   4.3140794"
"1","   0.3140794"
"1","   2.3140794"
"1","   0.3140794"
"1","   1.3140794"
"1","   7.3140794"
"1","   0.3140794"
"1","  -1.6859206"
"1","
"
"1"," [41]"
"1","  -4.6859206"
"1","   0.3140794"
"1","   9.3140794"
"1","  -3.6859206"
"1","   2.3140794"
"1","  -0.6859206"
"1","   0.3140794"
"1","   2.3140794"
"1","
"
"1"," [49]"
"1","   4.3140794"
"1","  -1.6859206"
"1","   0.3140794"
"1","   0.3140794"
"1","  -1.6859206"
"1","  -1.6859206"
"1","  -0.6859206"
"1","   4.3140794"
"1","
"
"1"," [57]"
"1","   1.3140794"
"1","  -4.6859206"
"1","  -2.6859206"
"1","   5.3140794"
"1","  -0.6859206"
"1","  -5.6859206"
"1","   0.3140794"
"1","  -0.6859206"
"1","
"
"1"," [65]"
"1","   0.3140794"
"1","  -0.6859206"
"1","  -5.6859206"
"1","   1.3140794"
"1","  -4.6859206"
"1","   4.3140794"
"1","  -0.6859206"
"1","  -2.6859206"
"1","
"
"1"," [73]"
"1","  -4.6859206"
"1","   3.3140794"
"1","  -0.6859206"
"1","  -3.6859206"
"1","  -2.6859206"
"1","  -0.6859206"
"1","   3.3140794"
"1","   4.3140794"
"1","
"
"1"," [81]"
"1","  -0.6859206"
"1","   3.3140794"
"1","  -2.6859206"
"1","  -5.6859206"
"1","   3.3140794"
"1","  -4.6859206"
"1","   0.3140794"
"1","  -2.6859206"
"1","
"
"1"," [89]"
"1","   5.3140794"
"1","   8.3140794"
"1","  -0.6859206"
"1","   8.3140794"
"1","  -1.6859206"
"1","   5.3140794"
"1","   3.3140794"
"1","   2.3140794"
"1","
"
"1"," [97]"
"1","  -2.6859206"
"1","   4.3140794"
"1","   4.3140794"
"1","  -2.6859206"
"1","   1.3140794"
"1","   0.3140794"
"1","  -1.6859206"
"1"," -10.6859206"
"1","
"
"1","[105]"
"1"," -10.6859206"
"1","   0.3140794"
"1"," -10.6859206"
"1"," -10.6859206"
"1","   1.3140794"
"1","   4.3140794"
"1"," -10.6859206"
"1","  -1.6859206"
"1","
"
"1","[113]"
"1","   2.3140794"
"1"," -10.6859206"
"1"," -10.6859206"
"1","  -0.6859206"
"1"," -10.6859206"
"1","  -0.6859206"
"1","   1.3140794"
"1","  -2.6859206"
"1","
"
"1","[121]"
"1","   2.3140794"
"1","  -0.6859206"
"1","   4.3140794"
"1","   1.3140794"
"1","  -3.6859206"
"1"," -10.6859206"
"1","  -3.6859206"
"1","   1.3140794"
"1","
"
"1","[129]"
"1","  -0.6859206"
"1","   5.3140794"
"1"," -10.6859206"
"1","   3.3140794"
"1","   5.3140794"
"1","  -0.6859206"
"1","  -1.6859206"
"1","   0.3140794"
"1","
"
"1","[137]"
"1","  -1.6859206"
"1","   0.3140794"
"1","  -2.6859206"
"1","   1.3140794"
"1","   6.3140794"
"1","  -2.6859206"
"1","   1.3140794"
"1","   0.3140794"
"1","
"
"1","[145]"
"1","  -1.6859206"
"1","  -0.6859206"
"1","   2.3140794"
"1","  -1.6859206"
"1","   3.3140794"
"1","   4.3140794"
"1","   5.3140794"
"1","  -0.6859206"
"1","
"
"1","[153]"
"1","   7.3140794"
"1","   5.3140794"
"1","  -0.6859206"
"1","  -0.6859206"
"1","  -4.6859206"
"1","   0.3140794"
"1","  -1.6859206"
"1","  -3.6859206"
"1","
"
"1","[161]"
"1","  -0.6859206"
"1","  -3.6859206"
"1","  -2.6859206"
"1","   2.3140794"
"1","   3.3140794"
"1","  -2.6859206"
"1","  -0.6859206"
"1","   4.3140794"
"1","
"
"1","[169]"
"1","  -2.6859206"
"1","  -0.6859206"
"1","  -4.6859206"
"1"," -10.6859206"
"1","   6.3140794"
"1","   2.3140794"
"1","   3.3140794"
"1","  -3.6859206"
"1","
"
"1","[177]"
"1","   4.3140794"
"1","   1.3140794"
"1","   1.3140794"
"1","   3.3140794"
"1","   0.3140794"
"1","  -1.6859206"
"1","   2.3140794"
"1","  -4.6859206"
"1","
"
"1","[185]"
"1","  -0.6859206"
"1","   2.3140794"
"1","   1.3140794"
"1","   0.3140794"
"1"," -10.6859206"
"1","   1.3140794"
"1","   1.3140794"
"1","   1.3140794"
"1","
"
"1","[193]"
"1"," -10.6859206"
"1","   7.3140794"
"1","   2.3140794"
"1","  -2.6859206"
"1","  -2.6859206"
"1","  -2.6859206"
"1","   1.3140794"
"1","   2.3140794"
"1","
"
"1","[201]"
"1","   3.3140794"
"1"," -10.6859206"
"1","   7.3140794"
"1","  -2.6859206"
"1","   1.3140794"
"1","  -1.6859206"
"1","   6.3140794"
"1","  -0.6859206"
"1","
"
"1","[209]"
"1","  -1.6859206"
"1","   3.3140794"
"1","   0.3140794"
"1","   3.3140794"
"1","  -0.6859206"
"1","   1.3140794"
"1","  -1.6859206"
"1","  -1.6859206"
"1","
"
"1","[217]"
"1","  -2.6859206"
"1","  -2.6859206"
"1","  -0.6859206"
"1","  -0.6859206"
"1","   0.3140794"
"1","   0.3140794"
"1","   8.3140794"
"1","   1.3140794"
"1","
"
"1","[225]"
"1","   3.3140794"
"1","   4.3140794"
"1","   0.3140794"
"1","   4.3140794"
"1","   2.3140794"
"1","   7.3140794"
"1","   3.3140794"
"1"," -10.6859206"
"1","
"
"1","[233]"
"1","  -2.6859206"
"1","   3.3140794"
"1","   5.3140794"
"1","   0.3140794"
"1","  -0.6859206"
"1","   3.3140794"
"1","   7.3140794"
"1","   2.3140794"
"1","
"
"1","[241]"
"1","   1.3140794"
"1","  -2.6859206"
"1","   1.3140794"
"1"," -10.6859206"
"1","   2.3140794"
"1","   0.3140794"
"1","   0.3140794"
"1","   2.3140794"
"1","
"
"1","[249]"
"1","   0.3140794"
"1"," -10.6859206"
"1","  -1.6859206"
"1","  -0.6859206"
"1","   0.3140794"
"1","   2.3140794"
"1","  -1.6859206"
"1","   0.3140794"
"1","
"
"1","[257]"
"1","   4.3140794"
"1","   4.3140794"
"1","   0.3140794"
"1","  -0.6859206"
"1","  -1.6859206"
"1","   3.3140794"
"1","  -2.6859206"
"1","   3.3140794"
"1","
"
"1","[265]"
"1"," -10.6859206"
"1"," -10.6859206"
"1","   4.3140794"
"1","   2.3140794"
"1"," -10.6859206"
"1","   0.3140794"
"1","   4.3140794"
"1"," -10.6859206"
"1","
"
"1","[273]"
"1","  -0.6859206"
"1","   3.3140794"
"1","   5.3140794"
"1","  -1.6859206"
"1","   4.3140794"
"1","
"
"1","attr(,""mean"")"
"1","
"
"1","[1]"
"1"," 10.68592"
"1","
"
"1","attr(,""m"")"
"1","
"
"1","[1]"
"1"," 1"
"1","
"
"1","
"
"1","attr(,""class"")"
"1","
"
"1","[1]"
"1"," ""grpreg"""
"1","
"
"1","
"
"1","$fold
"
"1","  [1]"
"1","  2"
"1","  8"
"1","  8"
"1"," 10"
"1","  2"
"1","  1"
"1","  5"
"1","  4"
"1","  4"
"1","  9"
"1","  1"
"1","  7"
"1"," 10"
"1","  4"
"1","  1"
"1","  9"
"1","  8"
"1","  6"
"1","  5"
"1","  7"
"1","  4"
"1","  9"
"1","  8"
"1","  2"
"1","  1"
"1","  4"
"1","  4"
"1","  7"
"1","  6"
"1","  1"
"1","  9"
"1","  7"
"1","  5"
"1"," 10"
"1","  4"
"1","
"
"1"," [36]"
"1","  6"
"1"," 10"
"1","  9"
"1","  1"
"1","  9"
"1","  6"
"1"," 10"
"1"," 10"
"1","  3"
"1","  1"
"1","  2"
"1","  2"
"1","  7"
"1","  7"
"1","  2"
"1","  2"
"1","  3"
"1","  5"
"1"," 10"
"1","  6"
"1","  4"
"1","  8"
"1","  8"
"1","  1"
"1","  7"
"1","  5"
"1","  3"
"1","  5"
"1","  4"
"1","  7"
"1","  4"
"1","  6"
"1","  4"
"1","  6"
"1","  3"
"1","
"
"1"," [71]"
"1","  9"
"1"," 10"
"1","  3"
"1","  2"
"1","  6"
"1"," 10"
"1"," 10"
"1","  4"
"1","  5"
"1","  9"
"1","  3"
"1","  4"
"1","  6"
"1","  6"
"1"," 10"
"1"," 10"
"1","  1"
"1","  8"
"1","  1"
"1","  5"
"1","  2"
"1","  9"
"1","  5"
"1","  3"
"1","  7"
"1","  4"
"1","  1"
"1","  8"
"1","  1"
"1","  6"
"1","  4"
"1","  8"
"1","  1"
"1","  4"
"1","  9"
"1","
"
"1","[106]"
"1","  8"
"1","  6"
"1","  9"
"1","  5"
"1","  8"
"1","  5"
"1","  3"
"1","  6"
"1","  8"
"1","  3"
"1","  2"
"1","  3"
"1","  4"
"1","  9"
"1"," 10"
"1","  2"
"1"," 10"
"1","  5"
"1"," 10"
"1","  3"
"1","  8"
"1"," 10"
"1","  9"
"1","  5"
"1","  3"
"1","  8"
"1","  2"
"1","  5"
"1","  5"
"1"," 10"
"1","  9"
"1","  5"
"1"," 10"
"1","  3"
"1","  5"
"1","
"
"1","[141]"
"1","  4"
"1","  2"
"1","  3"
"1","  5"
"1","  9"
"1","  1"
"1","  8"
"1","  2"
"1","  3"
"1"," 10"
"1","  3"
"1"," 10"
"1","  6"
"1","  8"
"1"," 10"
"1","  9"
"1","  2"
"1","  8"
"1","  6"
"1","  4"
"1","  2"
"1","  8"
"1","  9"
"1","  7"
"1","  6"
"1","  3"
"1","  1"
"1","  5"
"1","  5"
"1","  8"
"1","  7"
"1","  4"
"1","  4"
"1"," 10"
"1","  3"
"1","
"
"1","[176]"
"1","  7"
"1","  2"
"1","  1"
"1","  5"
"1","  1"
"1","  1"
"1","  3"
"1","  9"
"1","  9"
"1"," 10"
"1","  5"
"1","  2"
"1","  8"
"1","  9"
"1","  7"
"1","  6"
"1","  7"
"1","  5"
"1","  9"
"1","  2"
"1","  8"
"1","  7"
"1","  7"
"1"," 10"
"1","  4"
"1","  4"
"1","  7"
"1","  4"
"1","  7"
"1"," 10"
"1","  6"
"1","  9"
"1","  2"
"1","  1"
"1","  3"
"1","
"
"1","[211]"
"1","  3"
"1","  1"
"1","  7"
"1","  5"
"1","  5"
"1","  9"
"1","  6"
"1","  6"
"1","  4"
"1","  6"
"1","  6"
"1","  1"
"1","  6"
"1","  7"
"1","  1"
"1","  6"
"1","  4"
"1","  2"
"1","  1"
"1","  5"
"1","  2"
"1","  7"
"1","  1"
"1","  6"
"1"," 10"
"1","  8"
"1","  5"
"1","  5"
"1","  9"
"1","  4"
"1","  3"
"1","  3"
"1","  4"
"1","  7"
"1","  7"
"1","
"
"1","[246]"
"1","  2"
"1","  6"
"1","  7"
"1","  2"
"1","  7"
"1","  6"
"1","  8"
"1","  7"
"1","  8"
"1","  3"
"1","  1"
"1","  2"
"1","  2"
"1"," 10"
"1","  9"
"1","  1"
"1","  3"
"1","  7"
"1","  8"
"1","  1"
"1","  9"
"1","  8"
"1","  7"
"1","  2"
"1","  3"
"1","  2"
"1","  3"
"1","  9"
"1","  1"
"1","  8"
"1","  6"
"1","  3"
"1","
"
"1","
"
"1","$min
"
"1","[1]"
"1"," 32"
"1","
"
"1","
"
"1","$lambda.min
"
"1","[1]"
"1"," 0.2178518"
"1","
"
"1","
"
"1","$null.dev
"
"1","[1]"
"1"," 18.76417"
"1","
"
"1","
"
"1","attr(,""class"")"
"1","
"
"1","[1]"
"1"," ""cv.grpreg"""
"1","
"
