"0","#Read in the matrix files"
"0","random_miss <- read.csv('./RandomMiss.csv',header=FALSE)"
"0","colnames(random_miss) <- c(paste0(""X_"", 1:100))"
"0","random_miss <- as.matrix(random_miss)"
"0","non_random_miss <- read.csv('./NonRandomMiss.csv',header=FALSE)"
"0","colnames(non_random_miss) <- c(paste0(""X_"", 1:100))"
"0","non_random_miss <- as.matrix(non_random_miss)"
"0","original <- read.csv('./Original.csv',header=FALSE)"
"0","colnames(original) <- c(paste0(""X_"", 1:100))"
"0","original <- as.matrix(original)"
